domain,name,city,state,clia_number,lab_type,test_volume
decaturdiagnosticlab.net,DECATUR DIAGNOSTIC LABORATORY INC,DECATUR,AL,01D0302324,REFERENCE,258665
uhbpathology.com,CELLULAR IMMUNOBIOLOGY LABORATORY,BIRMINGHAM,AL,01D0641551,REFERENCE,8000
alabamapublichealth.gov,MOBILE DIVISION LABORATORY,MOBILE,AL,01D0641761,REFERENCE,170618
npiindex.com,LABORATORIO CLINICO BIENESTAR,ARECIBO,PR,40D2329974,REFERENCE,5600
uabacademicannualreport.annualreportchildrensal.org,UAHSF DIAGNOSTIC VIROLOGY LABORATORY,BIRMINGHAM,AL,01D0668136,REFERENCE,27000
jcdh.org,JCDH WESTERN HEALTH CENTER DISEASE CONTROL,MIDFIELD,AL,01D2265958,REFERENCE,1000
valleypathologyllc.com,"VALLEY PATHOLOGY, LLC",DECATUR,AL,01D0683443,REFERENCE,9224
microphaselab.com,MICROPHASE CLINICAL LABORATORY,HUNTSVILLE,AL,01D0923800,REFERENCE,7722
apexdiagnosticlab.com,APEX DIAGNOSTIC LABORATORIES,HUNTSVILLE,AL,01D1009099,REFERENCE,132090
southernbloodservices.com,SOUTHERN BLOOD SERVICES INC,BIRMINGHAM,AL,01D1012706,REFERENCE,2750
opengovus.com,LABORATORY CORPORATION OF AMERICA HOLDINGS,RALEIGH,NC,34D2312278,REFERENCE,560
irepertoire.com,IREPERTOIRE MOLECULAR LABORATORY,HUNTSVILLE,AL,01D2188667,REFERENCE,13000
labprospects.com,PATRIOT LABORATORY LLC,CLEARWATER,FL,10D2314642,REFERENCE,4792
walker-md.com,SOUTHEAST CLINICAL LABORATORIES - WALKER MEDICAL,JASPER,AL,01D2327017,REFERENCE,230000
medessiahealth.com,"MEDESSIA HEALTH, LLC",OPELIKA,AL,01D2340785,REFERENCE,0
alpinemedicalgroup.com,ALPINE MEDICAL CLINIC,PRUDHOE BAY,AK,02D0969249,REFERENCE,1400
aircarealaska.com,"AIRCARE ALASKA, LLC",FAIRBANKS,AK,02D2314627,REFERENCE,200
anmc.org,ALASKA NATIVE MEDICAL CENTER POCT 2,ANCHORAGE,AK,02D2322468,REFERENCE,0
maricopa.gov,MARICOPA COUNTY PUBLIC HEALTH LAB,PHOENIX,AZ,03D0057138,REFERENCE,87200
health.arizona.edu,CAMPUS HEALTH SERVICES,TUCSON,AZ,03D0057856,REFERENCE,27773
loc8nearme.com,ACCUTRACE LABORATORIES INC,PHOENIX,AZ,03D0641886,REFERENCE,280435
evimaz.com,EAST VALLEY INTERNAL MEDICINE PC,CHANDLER,AZ,03D0872266,REFERENCE,96480
arizonaandrology.com,ARIZONA ANDROLOGY LAB & CRYOBANK,TUCSON,AZ,03D0991404,REFERENCE,800
qmedcenter.com,QUALITY OF LIFE INTEGRATED HEALTH CENTER,TUCSON,AZ,03D1012182,REFERENCE,210000
namg.us,NORTHERN ARIZONA MEDICAL GROUP,KINGMAN,AZ,03D1097848,REFERENCE,85500
cyrexlabs.com,"CYREX LABORATORIES, LLC",PHOENIX,AZ,03D2006336,REFERENCE,10000
swskin.net,SOUTHWEST SKIN LABORATORY PLLC,GILBERT,AZ,03D2046062,REFERENCE,1300
ehealthscores.com,ETHEL DIAGNOSTIC LABORATORY,EDISON,NJ,31D2140887,REFERENCE,5000
desertlaboratories.com,"DESERT LABORATORIES, LLC",CHANDLER,AZ,03D2084339,REFERENCE,200000
everydayhealth.care,"ADIS DIAGNOSTICS, LLC",LANCASTER,KY,18D2176709,REFERENCE,5700
azgastroenterology.com,"ARIZONA GASTROENTEROLOGY, LTD",TUCSON,AZ,03D2114624,REFERENCE,12000
cqch.org,COPPER QUEEN COMMUNITY HOSPITAL,DOUGLAS,AZ,03D2124326,REFERENCE,140600
pathology.arizona.edu,SPECIALIZED UNIVERSITY PATHOLOGISTS,GILBERT,AZ,03D2137703,REFERENCE,2500
vincerecancer.com,VINCERE MOLECULAR & PATHOLOGY LAB,SCOTTSDALE,AZ,03D2183334,REFERENCE,2700
ameripath.com,AMERIPATH LUBBOCK 501(A),FORT WORTH,TX,45D2104445,REFERENCE,80
sunsciencelab.com,SUNSCIENCE LABS INC,TEMPE,AZ,03D2282539,REFERENCE,4710
tucsongastro.com,TUCSON GASTRO SPECIALISTS PATHOLOGY,TUCSON,AZ,03D2285621,REFERENCE,4000
adpalab.com,ARIZONA DIAGNOSTIC PATHOLOGY ASSOCIATES,TUCSON,AZ,03D2294971,REFERENCE,27500
pathologyserviceslab.com,PATHOLOGY SERVICES LABORATORY PA,RUSSELLVILLE,AR,04D0468992,REFERENCE,34747
dapsonline.com,ARKANSAS ANATOMIC PATHOLOGY LABORATORY AND,JONESBORO,AR,04D1018945,REFERENCE,22463
citysquares.com,"MICRO-DIAGNOSTIC LABORATORIES, INC",BENTON,AR,04D0913430,REFERENCE,62442
nwapathology.com,NWA PATHOLOGY AT WRMC FS ROOM,FAYETTEVILLE,AR,04D1051973,REFERENCE,650
plallc.com,PHYSICIANS LABORATORIES OF AMERICA LLC,LITTLE ROCK,AR,04D2042678,REFERENCE,7000
chistvincent.com,CHI ST VINCENT MEDICAL CENTER,HOT SPRINGS,AR,04D2121560,REFERENCE,10848
namidalab.com,"NAMIDA LAB, INC",FAYETTEVILLE,AR,04D2182040,REFERENCE,5000
allpractices.com,ARKANSAS ANATOMIC PATHOLOGY LABORATORY,BATESVILLE,AR,04D2209627,REFERENCE,4083
uamshealth.com,UAMS HEALTH UROLOGY CLINIC,LITTLE ROCK,AR,04D2277599,REFERENCE,1350
hermes-laboratories.com,HERMES LABORATORIES,LITTLE ROCK,AR,04D2296094,REFERENCE,196800
whereorg.com,PREMIER LABORATORIES,WOOD-RIDGE,NJ,31D2197504,REFERENCE,27000
ibegin.com,PROTZEL PATHOLOGY LABORATORY,BEVERLY HILLS,CA,05D0547058,REFERENCE,2029
conejodermatology.com,CONEJO DERMATOLOGY,THOUSAND OAKS,CA,05D0559414,REFERENCE,6564
sunclinicallaboratories.com,SUN CLINICAL LABORATORIES,EL MONTE,CA,05D0563772,REFERENCE,8795852
westdermatology.com,WEST DERMATOLOGY - MISSION VALLEY,SAN DIEGO,CA,05D0569421,REFERENCE,210
dayofdifference.org.au,"ADVANCED BIOMEDICAL, INC",SANTA ANA,CA,05D0580198,REFERENCE,6030
solanocounty.gov,NAPA-SOLANO-YOLO-MARIN,FAIRFIELD,CA,05D0601176,REFERENCE,8529
equaltox.com,"EQUALTOX, LLC",SANTA ANA,CA,05D0602385,REFERENCE,83930
thespermbankofca.org,"REPRODUCTIVE TECHNOLOGIES, INC/ THE SPERM",BERKELEY,CA,05D0602416,REFERENCE,400
yosemitepathology.com,YOSEMITE PATHOLOGY MEDICAL GROUP INC,VISALIA,CA,05D2265005,REFERENCE,15433
modocmedicalcenter.org,MODOC MEDICAL CENTER,ALTURAS,CA,05D0618592,REFERENCE,174899
psychemedics.com,PSYCHEMEDICS CORPORATION,CULVER CITY,CA,05D0642561,REFERENCE,50
ochealthinfo.com,ORANGE COUNTY PUBLIC HEALTH,IRVINE,CA,05D0643378,REFERENCE,149689
kernpublichealth.com,KERN COUNTY PUBLIC HEALTH LABORATORY,BAKERSFIELD,CA,05D0643486,REFERENCE,23381
countyofmonterey.gov,MONTEREY COUNTY PUBLIC HEALTH LABORATORY,SALINAS,CA,05D0643589,REFERENCE,7291
pamf.org,DR JACK S REMINGTON LAB,PALO ALTO,CA,05D0643684,REFERENCE,8891
sjcphs.org,SAN JOAQUIN COUNTY PUBLIC HEALTH LAB,STOCKTON,CA,05D0643989,REFERENCE,24078
health.ucdavis.edu,UCD COCCIDIOIDOMYCOSIS SEROLOGY LAB,DAVIS,CA,05D0644125,REFERENCE,85000
bernardoderm.com,BERNARDO DERMATOLOGY MEDICAL GROUP,POWAY,CA,05D0664519,REFERENCE,3277
tchhsa.org,TULARE COUNTY HEALTH DEPT LABORATORY,TULARE,CA,05D0667647,REFERENCE,4697
internationalmedicallab.com,INTERNATIONAL MEDICAL LABORATORY,IRVINE,CA,05D0692370,REFERENCE,283400
apmglab.com,ASSOCIATED PATHOLOGY MEDICAL GROUP INC,LOS GATOS,CA,05D0712326,REFERENCE,152260
npiviewer.com,LABORATORIO CLINICO TINTILLO,GUAYNABO,PR,40D0693037,REFERENCE,4110
calpath.com,CALPATH MEDICAL ASSOCIATES,SAN JOSE,CA,05D2033368,REFERENCE,13000
novadxlabs.com,"GENENTOX LABORATORIES, LLC",SANTA ANA,CA,05D0871568,REFERENCE,77698
labmedinc.com,"LABORATORY MEDICINE CONSULTANTS, INC",BEVERLY HILLS,CA,05D0876618,REFERENCE,714591
spermbankcalifornia.com,FERTILITY CENTER OF CALIFORNIA,SAN DIEGO,CA,05D0883366,REFERENCE,1000
tustinfertilityctr.com,FERTILITY CENTER OF CALIFORNIA,TUSTIN,CA,05D0883369,REFERENCE,500
bio-path.com,BIO-PATH MEDICAL GROUP INC,FOUNTAIN VALLEY,CA,05D0974660,REFERENCE,18739
vitadox.com,LABORATORIO CLINICO SHADDAI,QUEBRADILLAS,PR,40D2059616,REFERENCE,44160
psjhmedgroups.org,HUNTINGTON REPRODUCTIVE CENTER,NEWPORT BEACH,CA,05D0921495,REFERENCE,8600
biopsycenter.org,OUTPATIENT BIOPSY CENTER,TEMPLE CITY,CA,05D0943625,REFERENCE,551
skincareandlaser.com,SKIN CARE AND LASER PHYSICIANS OF BEVERLY HILL,WEST HOLLYWOOD,CA,05D0968426,REFERENCE,184
alphaclinicallab.com,"ALPHA CLINICAL LABORATORY, INC",BURBANK,CA,05D0999149,REFERENCE,65160
pathologyarts.com,PATHOLOGY ARTS INC,CORONA,CA,05D1000595,REFERENCE,6000
digestivecarecenter.com,DIGESTIVE CARE LABORATORY,SAN CARLOS,CA,05D1000932,REFERENCE,2825
lagunawoodsderm.com,MICHELLE M ALGARIN MD INC,LAGUNA HILLS,CA,05D1005582,REFERENCE,1381
nextmedonline.com,"JULIE G DUQUETTE, MD, A MEDICAL CORPORATION",NEWPORT BEACH,CA,05D1010850,REFERENCE,7000
pathcarefna.com,"PATHCARE DIAGNOSTICS, INC",CORONA,CA,05D1037342,REFERENCE,1613
scke.org,SOUTH COUNTY KIDNEY & ENDOCRINE CENTER,LAGUNA HILLS,CA,05D1040918,REFERENCE,687000
drnadelman.com,PRECISION ASPIRATION AND BIOPSY,LOS ANGELES,CA,05D1064899,REFERENCE,880
phamatech.com,"PHAMATECH, INC",SAN DIEGO,CA,05D1078844,REFERENCE,30350
comprehensivederm.com,COMPREHENSIVE DERMATOLOGY GROUP,ENCINITAS,CA,05D1079755,REFERENCE,850
dnatestingcenters.com,PATHOLOGY ON THE GO INC,POMPANO BEACH,FL,10D1100498,REFERENCE,141139
centerforrheumatology.com,CENTER FOR RHEUMATOLOGY,LOS ANGELES,CA,05D1086289,REFERENCE,111380
irvinepath.com,IRVINE PATHOLOGY MEDICAL GROUP INC,FOOTHILL RANCH,CA,05D2102456,REFERENCE,120
newpathlabs.com,NEWPORT HARBOR PATHOLOGY,NEWPORT BEACH,CA,05D2050266,REFERENCE,26030
pathkare.com,PATHKARE INC,SANTA ANA,CA,05D2006188,REFERENCE,7300
labgenomic.com,"LAB GENOMICS, LLC",FOUNTAIN VALLEY,CA,05D2026572,REFERENCE,27415
infogloballab.com,"GLOBAL DIAGNOSTIC LAB, INC",PASADENA,CA,05D2038784,REFERENCE,22800
startupwebsolutions.com.au,"DERMPATH NEW ENGLAND, LLC",WELLESLEY HILLS,MA,22D1049111,REFERENCE,71658
vitaediagnostics.com,VITAE DIAGNOSTICS,TORRANCE,CA,05D2044828,REFERENCE,420000
orthocsi.com,CSI MEDICAL GROUP,LA CANADA FLINTRIDGE,CA,05D2069464,REFERENCE,2000
dermatopathologyinstitute.com,SAN FRANCISCO DERMATOPATHOLOGY,DALY CITY,CA,05D2069498,REFERENCE,650
health.alamedacountyca.gov,ALAMEDA COUNTY PUBLIC HEALTH,OAKLAND,CA,05D2090025,REFERENCE,13516
individx.com,INDIVIDX,RANCHO CUCAMONGA,CA,05D2096856,REFERENCE,2700
omniadxlab.com,"OMNIA DIAGNOSTIC LABORATORY, LLC",TORRANCE,CA,05D2096883,REFERENCE,2000
drdeguzman.com,"LINO J DEGUZMAN, MD PC LABORATORY",NEWPORT BEACH,CA,05D2098715,REFERENCE,2000
atcglaboratory.com,ATCG LABORATORY,IRVINE,CA,05D2104354,REFERENCE,43200
ocskinlab.com,ORANGE COUNTY SKINLAB,SAN JUAN CAPISTRANO,CA,05D2107293,REFERENCE,500
pathmdlabs.com,SPECIALIZED UNIVERSITY PATHOLOGISTS,DUARTE,CA,05D2115860,REFERENCE,1200
jit-labs.com,"SCHWALB CONSULTING, LLC DBA JIT LABS",IRVINE,CA,05D2124530,REFERENCE,10000
allsouthbayfootcare.com,ALL SOUTH BAY FOOTCARE PODIATRY GROUP INC,TORRANCE,CA,05D2128423,REFERENCE,700
qimrberghofer.edu.au,TORAY MOLECULAR ONCOLOGY LABORATORY,BRISBANE,CA,05D2130372,REFERENCE,1000
schealthlabs.com,SC HEALTH LABS,IRVINE,CA,05D2141585,REFERENCE,1641707
dermla.com,SKIN AND BEAUTY CENTER LAB,BURBANK,CA,05D2144307,REFERENCE,18000
usabioscienceslab.com,"USA BIOSCIENCES, LLC",LOMITA,CA,05D2147767,REFERENCE,30247
neoanalyticslab.com,NEOANALYTICS LABORATORY,ALHAMBRA,CA,05D2153457,REFERENCE,4840
patients.alterabiolab.com,"ALTERA LABORATORY SERVICES, LLC",SANTA ANA,CA,05D2154950,REFERENCE,1000
westernpathologyinc.com,"WESTERN PATHOLOGY, INC",IRVINE,CA,05D2227171,REFERENCE,10000
sunlab8.com,SUNRISE DIAGNOSTICS LABORATORIES INC,MONTROSE,CA,05D2166864,REFERENCE,42000
dynacarelab.com,DYNACARE DIAGNOSTIC,CLOVIS,CA,05D2167092,REFERENCE,9200
dermpathonline.com,UNIVERSITY DERMATOPATHOLOGY,BURBANK,CA,05D2174490,REFERENCE,6000
innovativepathology.com,INNOVATIVE PATHOLOGY MEDICAL GROUP,TORRANCE,CA,05D2180074,REFERENCE,100
eivdiagnostics.com,EIV DIAGNOSTICS,FRESNO,CA,05D2181132,REFERENCE,25210
nationaldiagnostics.com,NATIONAL DIAGNOSTIC LABORATORY,SHERMAN OAKS,CA,05D2182441,REFERENCE,200
bizprofile.net,RAPID PAX LASB INC,NORTH HOLLYWOOD,CA,05D2290384,REFERENCE,48000
magicowllabs.com,"MAGIC OWL LABORATORIES, INC",MONROVIA,CA,05D2207606,REFERENCE,774000
medusapath.com,MEDUSA PATHOLOGY INC,NAPA,CA,05D2207793,REFERENCE,5224
carismpi.com,"CARIS MPI, INC",IRVINE,CA,05D2216872,REFERENCE,7800
findseniormed.com,PALM VALLEY MULTI-SPECIALTY MEDICAL GROUP PC,PALM DESERT,CA,05D2216642,REFERENCE,43100
spectrumdxlabs.com,SPECTRUM MOLECULAR DIAGNOSTICS LABORATORY,RANCHO SANTA MARGARITA,CA,05D2232585,REFERENCE,6000
altalab.net,"ALTA DIAGNOSTIC LABORATORIES, INC",ALTADENA,CA,05D2234621,REFERENCE,10000
neomdiagnostic.com,NEOM DIAGNOSTIC LABORATORIES,TORRANCE,CA,05D2245218,REFERENCE,9000
dialogixlab.com,DIALOGIX LABORATORIES,REDLANDS,CA,05D2262146,REFERENCE,96960
lifequestdiagnostics.com,"LIFEQUEST DIAGNOSTIC, INC",ANAHEIM,CA,05D2274138,REFERENCE,1300
mammothpathsolution.com,"MAMMOTH PATH SOLUTION, LLC",LAKE FOREST,CA,05D2291536,REFERENCE,2000
pdhgi.com,PLATINUM DIGESTIVE HEALTH,RANCHO CUCAMONGA,CA,05D2295343,REFERENCE,2000
oceansidediagnostics.com,OCEANSIDE DIAGNOSTICS LLC,OCEANSIDE,CA,05D2318147,REFERENCE,420348
pdllabs.com,PACIFIC PATHOLOGY DIAGNOSTICS LABORATORY,CAMPBELL,CA,05D2319483,REFERENCE,2000
cdphe.colorado.gov,COLORADO DEPT OF PUBLIC HEALTH & ENVIRONMENT,DENVER,CO,06D0644326,REFERENCE,1667000
healthcenter1.com,HEALTH CENTER AT AURARIA,DENVER,CO,06D0672142,REFERENCE,56
tamaracmedical.com,TAMARAC MEDICAL INC,CENTENNIAL,CO,06D0899927,REFERENCE,54418
pharmacy.cuanschutz.edu,COLORADO ANTIVIRAL PHARMACOLOGY LABORATORY,AURORA,CO,06D1094710,REFERENCE,6
imdpath.com,INTEGRATED MOLECULAR DIAGNOSTICS PATHOLOGY,AURORA,CO,06D2091162,REFERENCE,1417
stmarygj.org,ST MARY'S REGIONAL HOSPITAL - AMBULANCE SERVICE,GRAND JUNCTION,CO,06D2099015,REFERENCE,1920
statlabdiagnostics.com,"STATLAB DIAGNOSTICS, LLC",DENVER,CO,06D2200475,REFERENCE,5000
medschool.cuanschutz.edu,DENVER DERMATOPATHOLOGY LLC,DENVER,CO,06D2231652,REFERENCE,3403
pathologyservices.com,PATHOLOGY SERVICES PC,NORTH PLATTE,NE,28D0456332,REFERENCE,15000
peakclinicaldiagnostics.com,PEAK CLINICAL DIAGNOSTICS LLC,AURORA,CO,06D2267171,REFERENCE,87500
tiagapathlab.com,INGERLISA MATTOCH MD INC DBA TIAGA PATHOLOGY,LOVELAND,CO,06D2284295,REFERENCE,40194
eaglecountyparamedics.com,EAGLE COUNTY PARAMEDIC SERVICES,EDWARDS,CO,06D2294981,REFERENCE,100
salientdx.com,"SALIENT DIAGNOSTICS, LLC",DENVER,CO,06D2303146,REFERENCE,277200
obgyneasternct.com,OBGYN GROUP OF EASTERN CT PC,SOUTH WINDSOR,CT,07D0677759,REFERENCE,3000
greenwichhospital.org,GH BENDHEIM LABORATORY,GREENWICH,CT,07D0694769,REFERENCE,38607
uconnfertility.com,CENTER FOR ADVANCED REPRODUCTIVE SERVICES,HARTFORD,CT,07D0723063,REFERENCE,1250
trinityhealthofne.org,SAINT MARY'S HOSPITAL ONCOLOGY CENTER,WATERBURY,CT,07D0899809,REFERENCE,52548
dermpathlabne.com,DERMATOPATHOLOGY LABORATORY OF NEW ENGLAND PC,MERIDEN,CT,07D0902738,REFERENCE,22827
accureference.com,"ACCU REFERENCE MEDICAL LAB, LLC",EAST HARTFORD,CT,07D2062566,REFERENCE,2612
dnalymetest.com,"MILFORD MOLECULAR DIAGNOSTICS, LLC",MILFORD,CT,07D2067401,REFERENCE,5050
precisiontoxicology.com,PRECISION TOXICOLOGY LLC DBA PRECISION DIAGNOSTICS,DARTMOUTH,MA,22D2133197,REFERENCE,1416411
advancedgeneticslab.com,ADVANCED GENETICS LAB,MONROE,CT,07D2147777,REFERENCE,5400
dnaguidance.com,LABORATORY FOR DNA-GUIDED MEDICINE,HARTFORD,CT,07D2160761,REFERENCE,700
eastsidelab.com,"EAST SIDE CLINICAL LABORATORY, INC",FALL RIVER,MA,22D2084765,REFERENCE,48
gencolabs.com,GENCO LABS LLC,BRANFORD,CT,07D2172174,REFERENCE,201200
dianon.com,DIANON SYSTEMS INC,WOODBRIDGE,CT,07D2283699,REFERENCE,44774
wallacedesigncenter.com,ECPC-C WALLACE HOME,AVON,CT,07D2316952,REFERENCE,20000
practicecrown.com,"INCENDIUM, LLC",DOVER,DE,08D1091063,REFERENCE,832
greenclinics.net,GREEN CLINICS LABORATORY,DOVER,DE,08D2099470,REFERENCE,11000
rsmdiagnosticslab.com,RSM DIAGNOSTICS LAB LLC,WILMINGTON,DE,08D2253750,REFERENCE,2000
insightdxs.com,INSIGHT DIAGNOSTICS LLC,LEWES,DE,08D2318627,REFERENCE,2000
bwstatlab.com,B & W STAT LABORATORY,WASHINGTON,DC,09D0208053,REFERENCE,650
georgetowndermpath.com,GEORGETOWN DERMPATH,EASTON,MD,21D1093911,REFERENCE,4800
pathology-group.com,QUANTUM HEALTH DIAGNOSTICS,PENSACOLA,FL,10D0270905,REFERENCE,4906
finlaylab.com,FINLAY CLINICAL LABORATORY INC,MIAMI,FL,10D0280554,REFERENCE,868600
immunolabs.com,IMMUNO LABORATORIES INC,FORT LAUDERDALE,FL,10D0284781,REFERENCE,29007
staugustinehealth.com,ST JOHNS BIOMEDICAL LABORATORIES INC,SAINT AUGUSTINE,FL,10D0645082,REFERENCE,1000
bernhardtlabs.com,BERNHARDT LABORATORIES,JACKSONVILLE,FL,10D0645099,REFERENCE,6720
lifelinkfound.org,LIFELINK FOUNDATION INC D/B/A,TAMPA,FL,10D0645555,REFERENCE,44450
med.miami.edu,UHEALTH ELECTRON MICROSCOPY LABORATORY,MIAMI,FL,10D2131537,REFERENCE,400
ppfl.org,PLANNED PARENTHOOD OF FLORIDA INC,WEST PALM BEACH,FL,10D0722304,REFERENCE,5289
shorelineuro.com,SHORELINE UROCARE PL,BROOKSVILLE,FL,10D0868528,REFERENCE,3500
baypathologyassociates.com,PATHOLOGY ASSOCIATES,PANAMA CITY,FL,10D0885189,REFERENCE,15200
drrobertnorman.com,ROBERT A NORMAN DO PA,TAMPA,FL,10D0908280,REFERENCE,648
nowleap.com,OXFORD BIOMEDICAL TECHNOLOGIES INC,RIVIERA BEACH,FL,10D0914874,REFERENCE,2927936
floridafertility.com,"REPRODUCTIVE MEDICINE GROUP LLC, THE",BRANDON,FL,10D0989448,REFERENCE,1900
micropathlabs.com,"MICRO PATH LABORATORIES, INC",BARTOW,FL,10D2264975,REFERENCE,5000
biotechclinicallab.com,BIO-TECH CLINICAL LABORATORIES INC,DORAL,FL,10D0965332,REFERENCE,152499
bocaratonderm.com,BOCA RATON DERMATOLOGY PA,DELRAY BEACH,FL,10D0990498,REFERENCE,1017
rha-pa.com,RUFFOLO HOOPER & ASSOCIATES MD PA,WESLEY CHAPEL,FL,10D2226262,REFERENCE,597
npino.org,"CDT-POLICLINICA DR SALVADOR RIBOT RUIZ, INC",CAROLINA,PR,40D1004996,REFERENCE,9940
reliancepathology.com,RELIANCE PATHOLOGY PARTNERS LLC,PALM HARBOR,FL,10D2164073,REFERENCE,7000
unitedlabservice.com,UNITED LABORATORY SERVICES CORP,MIAMI,FL,10D1044073,REFERENCE,83988
ibishealthcare.org,IBIS HEALTHCARE INC,TAMPA,FL,10D1053861,REFERENCE,337541
drgalen.org,MORGAN DERMPATH LABS INC,JUPITER,FL,10D1074257,REFERENCE,3114
khouridermatology.com,"DERMATOLOGY GROUP OF FLORIDA, PA",KEY LARGO,FL,10D1077527,REFERENCE,80
ipathlifesciences.com,I PATHOLOGY LLC,LAKELAND,FL,10D1079616,REFERENCE,2759
surgicalpathlabs.com,SURGICAL PATHOLOGY LABORATORIES PA MLU12,PINELLAS PARK,FL,10D2097253,REFERENCE,10623
skinandcancerassociates.com,FRANCESSCA BRETTSCHNEIDER MD,FORT LAUDERDALE,FL,10D2004845,REFERENCE,100
xactgenetics.com,"XACT GENETICS, LLC",HENRIETTA,TX,10D2030155,REFERENCE,18000
doctorsclinicallab.net,DOCTORS CLINICAL LABORATORY SERVICES,DORAL,FL,10D2032923,REFERENCE,1086833
umiamihealth.org,UNIVERSITY OF MIAMI HOSPITAL & CLINICS - GCRB,MIAMI,FL,10D2318807,REFERENCE,100460
myffwellness.com,"PALM BEACH COUNTY FIREFIGHTERS HEALTH CLINIC, LLC",WEST PALM BEACH,FL,10D2050889,REFERENCE,186700
midfloridapathology.com,MID FLORIDA PATHOLOGY LLC,DE LAND,FL,10D2306670,REFERENCE,16300
igenomix.us,IGENOMIX USA INC,MIAMI,FL,10D2066797,REFERENCE,17000
progressmedicalllc.com,PROGRESSIVE MEDICAL LAB LLC,S DAYTONA,FL,10D2077051,REFERENCE,2500
totalgastroenterology.com,HUNG WEI LEE MD,BRADENTON,FL,10D2083415,REFERENCE,1800
cleardiagnostics.net,APLS SERVICES LLC D/B/A CLEAR DIAGNOSTICS,TARPON SPRINGS,FL,10D2096689,REFERENCE,31800
cbslabstampa.com,CBS LABS OF TAMPA LLC,TAMPA,FL,10D2137962,REFERENCE,903455
ivfmd.com,SOUTH FLORIDA INSTITUTE FOR REPRODUCTIVE MEDICINE,MELBOURNE,FL,10D2158465,REFERENCE,8
sarapath.com,SARASOTA PATHOLOGY,SAINT PETERSBURG,FL,10D2162406,REFERENCE,2500
dynamicpathology.com,DYNAMIC PATHOLOGY ORLANDO,WINTER SPRINGS,FL,10D2294645,REFERENCE,500
mkpathology.com,"MARK & KAMBOUR, MD, PA",PORT CHARLOTTE,FL,10D2244851,REFERENCE,10000
z2scientific.com,Z2 SCIENTIFIC LLC,CELEBRATION,FL,10D2265416,REFERENCE,4400
microwelllabs.com,MICROWELL LABORATORIES INC,CLEARWATER,FL,10D2266032,REFERENCE,400000
angeltouchnurseregistered.com,"ANGEL TOUCH NURSE REGISTERED, LLC",MIAMI,FL,10D2266950,REFERENCE,12050
npidashboard.com,LABORATORIO CLINICO PASEO DEL SUR,PONCE,PR,40D2026069,REFERENCE,6328
ddrlawyers.com,ROSENBLUM-VICTORIA PA,PEMBROKE PINES,FL,10D2300536,REFERENCE,1000
conciergediagnostics.com,CONCIERGE PATHOLOGY LLC,JACKSONVILLE BEACH,FL,10D2305053,REFERENCE,2400
delraybeachfl.gov,PBPDM,DELRAY BEACH,FL,10D2313071,REFERENCE,7300
finehomebuilding.com,MBMMD LLC,ODESSA,FL,10D2323628,REFERENCE,25000
medipath.com,MEDIPATH LLC,JACKSONVILLE,FL,10D2323898,REFERENCE,12000
atlantadiabetes.com,ATLANTA DIABETES ASSOCIATES,ATLANTA,GA,11D0259599,REFERENCE,85564
associated-pathologists.com,"ASSOCIATED PATHOLOGISTS, LLC",MEMPHIS,TN,44D2243577,REFERENCE,55420
gachd.org,CHATHAM COUNTY HEALTH DEPT CLINIC,SAVANNAH,GA,11D0690710,REFERENCE,8160
hallcounty.org,HALL COUNTY HEALTH DEPARTMENT,GAINESVILLE,GA,11D0691469,REFERENCE,0
dekalbpublichealth.com,DEKALB PUBLIC HEALTH,DECATUR,GA,11D0693066,REFERENCE,3656
ecphd.com,EAST CENTRAL HEALTH DISTRICT,AUGUSTA,GA,11D0694817,REFERENCE,7138
district4health.org,DISTRICT 4 PUBLIC HEALTH,LAGRANGE,GA,11D0703582,REFERENCE,1700
forsythhd.com,FORSYTH COUNTY HEALTH DEPARTMENT,CUMMING,GA,11D0866868,REFERENCE,0
atlantahealth.net,"ATLANTA HEALTH ASSOCIATES, INC",CUMMING,GA,11D0883358,REFERENCE,5000
clinicallaboratoryservices.com,"CLINICAL LABORATORY SERVICES, INC",WINDER,GA,11D0930302,REFERENCE,3610823
gastrogwinnett.com,"GASTROENTEROLOGY SPECIALISTS OF GWINNETT, PC",LAWRENCEVILLE,GA,11D0955022,REFERENCE,4400
egradiology.com,EAST GEORGIA DIAGNOSTIC SERVICES,STATESBORO,GA,11D0982961,REFERENCE,300
acculabllc.com,"ACCU LAB, LLC - KIDNEY-HYPERTENSION-CLINIC, PC",LAWRENCEVILLE,GA,11D2009488,REFERENCE,25263
sepalabs.com,SEPA PC AT AZALEA VALDOSTA GEORGIA,VALDOSTA,GA,11D2060689,REFERENCE,400
sepath.com,"SOUTHEASTERN DERMATOPATHOLOGY, LLC",CUMMING,GA,11D2025057,REFERENCE,8425
ksdiagnostics.com,K & S CLINICAL DIAGNOSTICS,ATLANTA,GA,11D2053177,REFERENCE,33275
mygenomics.com,"MYGENOMICS, LLC",ALPHARETTA,GA,11D2084528,REFERENCE,20
pcofaug.com,PATHOLOGY CONSULTANTS OF AUGUSTA,AUGUSTA,GA,11D2087298,REFERENCE,9000
columbusga.org,"SEPA, PC",COLUMBUS,GA,11D2092138,REFERENCE,200
prioritytoxlab.com,PRIORITY TOXICOLOGY LABORATORIES,UNION CITY,GA,11D2108401,REFERENCE,12000
bdir.in,"DIAGNOSTIC DERMATOPATHOLOGY ASSOCIATES, LLC",COLUMBUS,GA,11D2108423,REFERENCE,10000
americanfoot.com,"AMERICAN FOOT & LEG SPECIALISTS, LLC",STOCKBRIDGE,GA,11D2114365,REFERENCE,4000
gi-north.com,GI NORTH PATHOLOGY LABORATORY,ALPHARETTA,GA,11D2280962,REFERENCE,1200
mybls.com,"BETTER LIFE SCIENCE, LLC",ALPHARETTA,GA,11D2282920,REFERENCE,4800
care.healthline.com,"SEBLE CHEKOLM, MD",ALPHARETTA,GA,11D2289796,REFERENCE,5136
health.hawaii.gov,HAWAII DEPT OF HEALTH,PEARL CITY,HI,12D0646259,REFERENCE,37001
surgicareofhawaii.com,CLINICAL LABS OF HAWAII-SURGICARE OF HAWAII,HONOLULU,HI,12D2043122,REFERENCE,4
wcchc.com,DIAGNOSTIC LABORATORY SERVICES-WCC CTR,WAIANAE,HI,12D2278175,REFERENCE,202896
healthandwelfare.idaho.gov,IDAHO BUREAU OF LABORATORIES,BOISE,ID,13D0646339,REFERENCE,6255
thepaindoc.net,SIPI CLINIC LLC DBA SOUTHERN IDAHO PAIN INSTITUTE,TWIN FALLS,ID,13D1105419,REFERENCE,67200
incytepathology.com,INCYTE PATHOLOGY - GOOD SAMARITAN HOSPITAL BRANCH,PUYALLUP,WA,50D2337480,REFERENCE,30000
raisethebottomidaho.com,RAISE THE BOTTOM TRAINING AND CONSELING SERVICES,BOISE,ID,13D2047419,REFERENCE,1696510
pcidf.com,PATHOLOGY SERVICES PC,POST FALLS,ID,13D2204921,REFERENCE,2000
idahogastro.com,IDAHO GASTROENTEROLOGY ASSOCIATES,NAMPA,ID,13D2224264,REFERENCE,33892
spekdiagnostics.com,SPEK DIAGNOSTICS,GARDEN CITY,ID,13D2272086,REFERENCE,30520
healixdiag.com,HEALIX DIAGNOSTICS,IDAHO FALLS,ID,13D2315547,REFERENCE,2050
deerfielddermatology.com,DEERFIELD DERMATOLOGY ASS,DEERFIELD,IL,14D0412127,REFERENCE,11700
chicago.gov,CHICAGO DEPT OF PUBLIC HLTH - AUSTIN STI CLINIC,CHICAGO,IL,14D0646583,REFERENCE,2750
dph.illinois.gov,ILLINOIS DEPARTMENT OF PUBLIC HEALTH -CHICAGO,CHICAGO,IL,14D0691828,REFERENCE,2894000
centercare.com,SEMANS DERMATOPATHOLOGY SERVICE,ROCHESTER,IL,14D0982952,REFERENCE,5115
qualitylabone.com,QUALITY LAB ONE,CHICAGO,IL,14D2006925,REFERENCE,28800
labexpresscorp.com,LAB EXPRESS CORPORATION,OAK LAWN,IL,14D2042184,REFERENCE,204212
citilabsinc.com,"CITILABS, INC",CHICAGO,IL,14D2056591,REFERENCE,165274
industrynet.com,M I LAB,LOMBARD,IL,14D2064071,REFERENCE,1844
mcwhc.com,MIDWEST CTR FOR WOMENS HEALTHCARE LAB,LIBERTYVILLE,IL,14D2093116,REFERENCE,4503
viosfertility.com,VIOS FERTILITY INSTITUTE CHICAGO WICKER PARK,CHICAGO,IL,14D2118892,REFERENCE,50830
heartteamllc.com,"HEART TEAM, LLC, THE",ELGIN,IL,14D2160986,REFERENCE,1800
rrclinicallab.com,R & R CLINICAL LAB INC,NAPERVILLE,IL,14D2209968,REFERENCE,9000
neelyx.com,NEELYX LABS,WOOD DALE,IL,14D2209971,REFERENCE,3000
labpathdx.com,LABORATORY & PATHOLOGY DIAGNOSTICS,NAPERVILLE,IL,14D2227207,REFERENCE,93211
alcdx.com,ALC DIAGNOSTICS LLC,DES PLAINES,IL,14D2228364,REFERENCE,1560
testitl.com,ILLINIOS TECH LABS INC,SKOKIE,IL,14D2253709,REFERENCE,41068
oakparklab.com,"OAK PARK LAB, LLC",OAK PARK,IL,14D2281361,REFERENCE,39
hqconsultinginc.com,HNQ CONSULTING INC,GLENVIEW,IL,14D2287780,REFERENCE,2795
138.68.39.23,FIRST BIO LAB OF ILLINOIS LLC,ARLINGTON HEIGHTS,IL,14D2292448,REFERENCE,6000
tiltonsolar.com,SOLARIS DX2 LLC,TILTON,IL,14D2310197,REFERENCE,1200
yafalab.com,YAFA MEDICAL LAB INC,OAK LAWN,IL,14D2312556,REFERENCE,500
oncooptima.com,ONCOOPTIMA INC,CHICAGO,IL,14D2321920,REFERENCE,500
vanderburghhealth.org,VANDERBURGH COUNTY HEALTH DEPARTMENT,EVANSVILLE,IN,15D0361375,REFERENCE,2741
health.elkhartcounty.com,ELKHART COUNTY HEALTH DEPT,ELKHART,IN,15D0687159,REFERENCE,1120
becklabs.com,BECK ANALYTICAL SERVICES LLC,GREENWOOD,IN,15D0857296,REFERENCE,12000
indigobridgelab.com,"INDIGOBRIDGE LABORATORIES, LLC",WEST LAFAYETTE,IN,15D2129713,REFERENCE,2167
scopedx.org,SCOPE DX LLC,INDIANAPOLIS,IN,15D2315802,REFERENCE,300
crossmedicallabs.com,CROSS MEDICAL LABORATORIES LLP,IOWA CITY,IA,16D0386471,REFERENCE,900
siouxlanddistricthealth.org,SIOUXLAND DISTRICT HEALTH DEPARTMENT,SIOUX CITY,IA,16D0648020,REFERENCE,3325
polkcountyiowa.gov,POLK COUNTY HEALTH DEPARTMENT,DES MOINES,IA,16D0667028,REFERENCE,10380
sunnybrookmedicalplaza.net,UPH LABORATORY SUNNYBROOK MEDICAL PLAZA,SIOUX CITY,IA,16D2061430,REFERENCE,200008
welandlaboratories.com,"WELAND CLINICAL LABORATORIES, PC",WATERLOO,IA,16D2171828,REFERENCE,175
cdio.ai,"CARDIO DIAGNOSTICS, INC",IOWA CITY,IA,16D2331364,REFERENCE,1000
kdheks.gov,KANSAS HEALTH AND ENVIRONMENTAL LABORATORY,TOPEKA,KS,17D0648254,REFERENCE,309247
salinecountyks.gov,SALINE COUNTY HEALTH DEPARTMENT,SALINA,KS,17D0648346,REFERENCE,125
wpmpath.com,WPM PATHOLOGY LABORATORY CHRTD-VALLEY CENTER,VALLEY CENTER,KS,17D2273617,REFERENCE,11000
chamberdata.net,PH ENTERPRISES INC DBA MAG-LAB,PITTSBURG,KS,17D0901100,REFERENCE,335600
heartlandpathology.com,"HEARTLAND PATHOLOGY DIAGNOSTICS, LLC",WICHITA,KS,17D2093824,REFERENCE,407303
mpapath.com,"MIDWEST PATHOLOGY ASSOCIATES, LLC",OVERLAND PARK,KS,17D2227386,REFERENCE,474
kcpathology.com,"KC PATHOLOGY, PA",OVERLAND PARK,KS,17D2315013,REFERENCE,8000
louisvilleky.gov,LOUISVILLE METRO HEALTH DEPT LABORATORY,LOUISVILLE,KY,18D0321506,REFERENCE,34224
baptisthealthdeaconess.com,BAPTIST HEALTH DEACONESS MEDICAL GROUP,POWDERLY,KY,18D0326452,REFERENCE,179235
arh.org,APPALACHIAN REGIONAL HEALTHCARE REFERENCE,HAZARD,KY,18D0648509,REFERENCE,243857
familydermky.com,FAMILY DERMATOLOGY,LOUISVILLE,KY,18D0931856,REFERENCE,20000
owensboromedical.com,OWENSBORO MEDICAL PRACTICE LABORATORY,OWENSBORO,KY,18D0989820,REFERENCE,191397
thecleanseclinic.com,CLEANSE CLINIC PSC,LOUISVILLE,KY,18D2120455,REFERENCE,4088
coastalbiotech.com,"HC SYSTEMS, LLC D/B/A COASTAL BIOTECH",LEXINGTON,KY,18D2169907,REFERENCE,250000
pathways-ky.org,"DBC PATH, LLC",LEXINGTON,KY,18D2211096,REFERENCE,1000
thrpediatrics.com,THR PEDIATRICS & WELLNESS CENTER,LOUISVILLE,KY,18D2227310,REFERENCE,1500
cardinaltechnologyky.com,CARDINAL LABS,LOUISVILLE,KY,18D2289947,REFERENCE,35000
rgdiagnostics.us,"RG DIAGNOSTICS, LLC",JACKSON,KY,18D2304762,REFERENCE,90000
ldh.la.gov,LOUISIANA OFFICE OF PUBLIC HEALTH LABORATORY,BATON ROUGE,LA,19D0663536,REFERENCE,1508262
picksie.com,"PATHOLOGY LABORATORY, INC, THE",LAFAYETTE,LA,19D2018531,REFERENCE,1366
labcorp-locations.com,LABORATORY CORPORATION OF AMERICA HOLDINGS,NATCHITOCHES,LA,19D2170632,REFERENCE,25800
resolvemdx.com,RESOLVE MOLECULAR DIAGNOSTICS LLC,METAIRIE,LA,19D2237355,REFERENCE,9500
orion.healthcare,ORION LABORATORIES,BATON ROUGE,LA,19D2296523,REFERENCE,64160
lakecrescenthealth.com,LAKE CRESCENT HEALTH LLC,BATON ROUGE,LA,19D2330525,REFERENCE,0
pathologyassociates.net,PATHOLOGY ASSOCIATES LABORATORIES PC,BALTIMORE,MD,21D0219659,REFERENCE,22033
gmoralsurgery.com,ORAL PATHOLOGY SERVICES,GAITHERSBURG,MD,21D0941021,REFERENCE,1600
frederick.cancer.gov,MOLECULAR CHARACTERIZATION LABORATORY,FREDERICK,MD,21D2097127,REFERENCE,500
ghedinlab.org,LABORATORY OF PARASITIC DISEASES,BETHESDA,MD,21D0957207,REFERENCE,650
bdlab.com,CAPITOL DERMATOPATHOLOGY LLC,BETHESDA,MD,21D1099518,REFERENCE,9000
grcf.jhmi.edu,JOHNS HOPKINS BIOLOGICAL REPOSITORY,BALTIMORE,MD,21D2004577,REFERENCE,400
capitaldxlab.com,CAPITAL DIAGNOSTICS,LAUREL,MD,21D2076584,REFERENCE,21000
ctrlabs.com,"CHESAPEAKE TOXICOLOGY RESOURCES, LLC",FREDERICK,MD,21D2105193,REFERENCE,262500
synapsdx.com,"NEURODIAGNOSTICS, INC, DBA SYNAPS DX",ROCKVILLE,MD,21D2130277,REFERENCE,1250
labrxpartners.com,LAB RX LLC,FREDERICK,MD,21D2138383,REFERENCE,250000
newdiscoverylabs.com,NEW DISCOVERY LABORATORIES,BALTIMORE,MD,21D2196263,REFERENCE,500
minomic.com,MINOMIC INC,GAITHERSBURG,MD,21D2255627,REFERENCE,3000
haystackoncology.com,"HAYSTACK ONCOLOGY, INC",BALTIMORE,MD,21D2278691,REFERENCE,200
pathtoreading.com,PATH READS LLC,ELLICOTT CITY,MD,21D2310132,REFERENCE,5000
bedsider.org,DRUID FAMILY PLANNING CLINIC,BALTIMORE,MD,21D2332152,REFERENCE,0
massgeneralbrigham.org,MGB PATHOLOGY - PMA LAB,HAVERHILL,MA,22D0071593,REFERENCE,1388814
skinpathlab.com,SKIN PATHOLOGY LABORATORY INC,BOSTON,MA,22D0075241,REFERENCE,12279
alletess.co,ALLETESS MEDICAL LABORATORY,ROCKLAND,MA,22D0080258,REFERENCE,4649198
mass.gov,MASSACHUSETTS DEPARTMENT OF PUBLIC HEALTH,JAMAICA PLAIN,MA,22D0650270,REFERENCE,243607
apderm.com,ADULT & PEDIATRIC DERMATOLOGY PC,CONCORD,MA,22D2084929,REFERENCE,47266
nensp.umassmed.edu,NEW ENGLAND NEWBORN SCREENING PROGRAM,WORCESTER,MA,22D0935548,REFERENCE,5474388
dermatopathologyconsultations.com,DERMATOPATHOLOGY CONSULTATIONS LLC,BURLINGTON,MA,22D1049112,REFERENCE,3925
clsdiagnostics.com,CLS DIAGNOSTICS,FRANKLIN,MA,22D2048596,REFERENCE,347921
sbhdiagnostics.com,SBH DIAGNOSTICS INC,NATICK,MA,22D2060724,REFERENCE,70
stvincenthospital.com,LABCORP AT ST VINCENT CANCER & WELLNESS,WORCESTER,MA,22D2061396,REFERENCE,57288
beaconpathology.com,BEACON PATHOLOGY LLC,DOVER,MA,22D2063384,REFERENCE,510
microbiologydx.com,"MICROBIOLOGY DX, INC",BEDFORD,MA,22D2089996,REFERENCE,44245
kuchnirdermatology.com,KUCHNIR DERMATOLOGY & DERMATOLOGIC SURGERY,MARLBOROUGH,MA,22D2149497,REFERENCE,337
ethos-labs.com,ETHOS LABORATORIES,WORCESTER,MA,22D2216336,REFERENCE,210482
progenedx.com,PROGENE DX LLC,BEDFORD,MA,22D2259522,REFERENCE,99900
northeast.canventa.com,CANVENTA NORTHEAST,MANSFIELD,MA,22D2263016,REFERENCE,9000
genomicexpression.com,GENOMICS INC,BEVERLY,MA,22D2290518,REFERENCE,8000
saginawpublichealth.org,SAGINAW COUNTY HEALTH DEPARTMENT,SAGINAW,MI,23D0876614,REFERENCE,3296
forensicfluids.com,FORENSIC FLUIDS LABORATORIES INC,KALAMAZOO,MI,23D1045429,REFERENCE,330000
westernslopelabs.com,WESTERN SLOPE LABORATORY,TROY,MI,23D1047507,REFERENCE,10000
glmlinc.com,GREAT LAKES MEDICAL LABORATORIES INC,DEARBORN,MI,23D2028847,REFERENCE,1011
fhgov.com,"AMERATHON, LLC",FARMINGTON HILLS,MI,23D2045786,REFERENCE,150050
dirpath.com,"DIRECT PATH SERVICES, P C",BINGHAM FARMS,MI,23D2063166,REFERENCE,47894
dermpathlab.com,DERMATOPATHOLOGY LABORATORY OF CENTRAL STATES,CLINTON TOWNSHIP,MI,23D2210534,REFERENCE,16800
horizonlaboratory.com,HORIZON HEALTH LABS,CLINTON TOWNSHIP,MI,23D2313128,REFERENCE,24440
northernglowmidwifery.com,NORTHERN GLOW MIDWIFERY,TRAVERSE CITY,MI,23D2336319,REFERENCE,0
crplhome.com,CENTRAL REGIONAL PATHOLOGY LABORATORIES,MAPLEWOOD,MN,24D0651212,REFERENCE,30661
rsilaboratories.org,RSI LABORATORIES,MINNEAPOLIS,MN,24D0882916,REFERENCE,41728
hennepinems.org,HENNEPIN HEALTHCARE-EMS-COMMUNITY PARAMEDICS,MINNEAPOLIS,MN,24D0939682,REFERENCE,1500
mmlaboratoryservices.com,MMS LAB SERVICES,BURNSVILLE,MN,24D2085776,REFERENCE,32316
nationaldatasearch.com,SARIKA GUPTA MBBS,ROCHESTER,MN,24D2289242,REFERENCE,3450
phghouston.com,PROGRESSIVE HEALTH OF HOUSTON,HOUSTON,MS,25D0029591,REFERENCE,87318
medicarelist.com,GORTON LAB & XRAY,BELZONI,MS,25D0317334,REFERENCE,23700
msdh.ms.gov,MISSISSIPPI PUBLIC HEALTH LABORATORY,JACKSON,MS,25D1096223,REFERENCE,409197
medplus.care,"MEDPLUS URGENT CLINIC, LLC",TUPELO,MS,25D2099996,REFERENCE,73405
labsvcs.com,LSP SOUTHEAST LLC,BAY SAINT LOUIS,MS,25D2277825,REFERENCE,18283
compdxlab.com,COMPLETE DIAGNOSTIC LABORATORIES,SOUTHAVEN,MS,25D2290782,REFERENCE,727688
mscrd.org,DELTA PUBLIC HEALTH REGION,GREENWOOD,MS,25D2316910,REFERENCE,0
kcmo.gov,"KANSAS CITY, MO HEALTH DEPARTMENT",KANSAS CITY,MO,26D0668350,REFERENCE,6439
health.springfieldmo.gov,SPRINGFIELD-GREENE COUNTY HEALTH DEPARTMENT,SPRINGFIELD,MO,26D0702889,REFERENCE,10000
slucare.com,SLUCARE PHYSICIAN GROUP DERM MOHS CSM,SAINT LOUIS,MO,26D0872684,REFERENCE,1478
wcadems.org,WASHINGTON COUNTY AMBULANCE DISTRICT,MINERAL POINT,MO,26D0921146,REFERENCE,600
slu.edu,SAINT LOUIS UNIVERSITY CENTER FOR VACCINE,SAINT LOUIS,MO,26D2022337,REFERENCE,250
alphamedicallab.com,ALPHA MEDICAL LABORATORY,NIXA,MO,26D2293206,REFERENCE,2000
417plasticsurgery.com,PLASTIC SURGERY RACING LLC,SPRINGFIELD,MO,26D2310298,REFERENCE,100
vistamd.com,VISTA DERMATOLOGY,ST. LOUIS,MO,26D2336207,REFERENCE,0
westernmontanaclinic.com,WESTERN MONTANA CLINIC MOHS LAB,MISSOULA,MT,27D2107786,REFERENCE,2740
bigskylaboratory.com,BIG SKY LABORATORY,GREAT FALLS,MT,27D2095592,REFERENCE,63918
pcwmt.com,WESTERN MONTANA CLINIC PATHOLOGY,MISSOULA,MT,27D2107905,REFERENCE,18484
saintpaulvi.com,SAINT PAUL VI INSTITUTE NATIONAL WOMEN'S,OMAHA,NE,28D0453756,REFERENCE,8000
lincoln.ne.gov,LINCOLN-LANCASTER COUNTY HEALTH DEPARTMENT,LINCOLN,NE,28D0674817,REFERENCE,440
geneseek.com,NEOGEN GENESEEK OPERATIONS,LINCOLN,NE,28D2165782,REFERENCE,100
wplab.com,"WP LABORATORIES, LLC",MCCOOK,NE,28D2190576,REFERENCE,162000
summitpathology.com,SUMMIT PATHOLOGY,CASPER,WY,53D2288216,REFERENCE,603
fpst.org,FALLON PAIUTE-SHOSHONE TRIBE,FALLON,NV,29D0706920,REFERENCE,1500
lvscc.com,LAS VEGAS SKIN AND CANCER CLINICS-WARM SPRINGS,LAS VEGAS,NV,29D2028995,REFERENCE,588
ddslasvegas.com,DIGESTIVE DISEASE SPECIALIST,LAS VEGAS,NV,29D2026907,REFERENCE,6000
labdraw.com,EXELLABS LLC,LAS VEGAS,NV,29D2099729,REFERENCE,260232
aslvegas.com,"AMERICAN SPECIALTY LAB, LLC",LAS VEGAS,NV,29D2102809,REFERENCE,1345113
relentlesshealth.com,RELENTLESS HEALTH,RENO,NV,29D2302788,REFERENCE,5000
dhhs.nh.gov,NEW HAMPSHIRE PUBLIC HEALTH LAB,CONCORD,NH,30D0652812,REFERENCE,46608
ocmedlab.com,"DIOSDADO NON MEDICAL SERVICES, LLC",BRICK,NJ,31D0122897,REFERENCE,10000
carestationmedical.com,CARE STATION MEDICAL GROUP,LINDEN,NJ,31D0876565,REFERENCE,1768
ewingnj.org,PUBLIC HEALTH AND ENVIRONMENTAL,EWING,NJ,31D0881184,REFERENCE,4604085
premierlab.info,RNJ SERVICES INC,EDISON,NJ,31D0894713,REFERENCE,68760
wadsworth.org,WADSWORTH CENTER - DAVID AXELROD INSTITUTE,ALBANY,NY,33D2005937,REFERENCE,15403068
hub.biz,OFIS LABS INC,ENGLEWOOD,NJ,31D2056990,REFERENCE,12000
biogenicalabs.com,BIOGENICA LABORATORIES LLC,ELMWOOD PARK,NJ,31D2063148,REFERENCE,9000
ridgewoodlab.com,RIDGEWOOD DIAGNOSTIC LABORATORY,HACKENSACK,NJ,31D2109691,REFERENCE,34210
qlslabs.com,"APOLLO CLINICAL LABORATORIES, INC",UNION,NJ,31D2114374,REFERENCE,2500
reliancediagnosticslab.com,RELIANCE DIAGNOSTICS,FAIRFIELD,NJ,31D2119781,REFERENCE,1620
xpressdx.com,XPRESSDX,SADDLE BROOK,NJ,31D2240655,REFERENCE,100
amedixlaboratory.com,AMEDIX DIAGNOSTIC,LITTLE FALLS,NJ,31D2263712,REFERENCE,1500
dermpathdiagnostics.com,INSTITUTE FOR DERMATOPATHOLOGY INC,FLOURTOWN,PA,39D2290587,REFERENCE,30000
healthlynked.com,CALVIN STRAND,JERSEY CITY,NJ,31D2283079,REFERENCE,6000
colfaxhealth.org,COLFAX GENERAL LABORATORY,SPRINGER,NM,32D0536885,REFERENCE,1875
pcnm.com,PATHOLOGY CONSULTANTS OF NEW MEXICO,LAS CRUCES,NM,32D2125074,REFERENCE,79822
nmhealth.org,RUIDOSO PUBLIC HEALTH OFFICE,RUIDOSO,NM,32D2325305,REFERENCE,0
vaccinenm.org,DOH - MOBILE UNITS,ALBUQUERQUE,NM,32D2338856,REFERENCE,0
centurymedicaldental.com,"CENTURY MEDICAL AND DENTAL CENTER, INC",BROOKLYN,NY,33D2319880,REFERENCE,3
bioreference.com,"BIOREFERENCE HEALTH, LLC",SPRING VALLEY,NY,33D2324066,REFERENCE,3
gastrocareli.com,GASTROCARE LI,VALLEY STREAM,NY,33D2325020,REFERENCE,1
medpathdiagnosticlab.com,"MEDPATH DIAGNOSTICS, INC",MEDFORD,NY,33D2326528,REFERENCE,1
wnyig.com,WESTERN NEW YORK DIAGNOSTICS LLC,BUFFALO,NY,33D2337802,REFERENCE,1
ccobgyn.com,CENTRAL CAROLINA OB-GYN,GREENSBORO,NC,34D0239261,REFERENCE,2693
scotlandcounty.org,SCOTLAND COUNTY HEALTH AND HUMAN SERVICES,LAURINBURG,NC,34D0691493,REFERENCE,10853
slph.dph.ncdhhs.gov,NC STATE LABORATORY OF PUBLIC HEALTH,RALEIGH,NC,34D0692393,REFERENCE,2477944
clevelandcountyhdnc.com,CLEVELAND COUNTY HEALTH DEPARTMENT,SHELBY,NC,34D0692719,REFERENCE,12527
pittcountync.gov,NORTH CAROLINA COUNTY HEALTH DEPT - AREA D,GREENVILLE,NC,34D0865324,REFERENCE,32040
madisoncountyhealth.org,NC COUNTY HEALTH DEPARTMENT - AREA A,MARSHALL,NC,34D0865328,REFERENCE,5125
rockinghamcountync.gov,NORTH CAROLINA COUNTY HEALTH DEPARTMENT AREA B,REIDSVILLE,NC,34D0865330,REFERENCE,17626
celligent.net,CELLIGENT DIAGNOSTICS - ATRIUM HEALTH,CHARLOTTE,NC,34D2305694,REFERENCE,2300
pdlpath.com,"PATHOLOGISTS DIAGNOSTIC LABORATORY, PA",CONCORD,NC,34D2267316,REFERENCE,33998
iredellcountync.gov,IREDELL COUNTY HEALTH DEPARTMENT,MOORESVILLE,NC,34D1092232,REFERENCE,410
gso.select-labs.com,"SELECT REFERENCE LABORATORIES, LLC",GREENSBORO,NC,34D2091857,REFERENCE,55800
web.aphl.org,LACAR US INC,DURHAM,NC,34D2155110,REFERENCE,500
asaplabsandcare.com,"ASAP LABS AND CARE, LLC",GREENSBORO,NC,34D2205647,REFERENCE,6000
invitrox.com,"INVITROX, INC",RESEARCH TRIANGLE PARK,NC,34D2222817,REFERENCE,5000
newvisiontherapy.org,NEW VISION THERAPY LLC LAB,GREENSBORO,NC,34D2235281,REFERENCE,65584
easternlabassociates.com,"EASTERN LABORATORY ASSOCIATES, LLC",GREENVILLE,NC,34D2264897,REFERENCE,10000
excelmedicallabs.com,"AEMA LABS, INC DBA EXCEL MEDICAL LABS",MOORESVILLE,NC,34D2273388,REFERENCE,56600
wilmingtonpathology.com,"WILMINGTON PATHOLOGY ASSOCIATES, PA",WILMINGTON,NC,34D2281778,REFERENCE,39395
yanceycountync.gov,YANCEY COUNTY HEALTH DEPARTMENT,BURNSVILLE,NC,34D2284096,REFERENCE,15
pathassocnc.com,PATHOLOGY ASSOCIATES OF NORTH CAROLINA,WINSTON-SALEM,NC,34D2317148,REFERENCE,90000
hhs.nd.gov,ND DEPARTMENT OF HEALTH & HUMAN SERVICES,BISMARCK,ND,35D0691722,REFERENCE,295455
openskylaboratory.com,"PATHOLOGY CONSULTANTS, PC  DBA OPEN SKY LABORATORY",WEST FARGO,ND,35D2303413,REFERENCE,13755
graceandgratitudewellness.com,GRACE AND GRATITUDE WELLNESS PLLC,DEVILS LAKE,ND,35D2320023,REFERENCE,0
lucascountyhealth.com,LUCAS COUNTY REGIONAL HEALTH DISTRICT,TOLEDO,OH,36D0674771,REFERENCE,385
healthyskinmd.com,ASSOCIATES IN DERMATOLOGY INC,MIDDLEBURG HEIGHTS,OH,36D0987996,REFERENCE,1206
nationwidehistology.com,WEST CENTRAL OHIO HISTOLOGY LLC,LIMA,OH,36D2058199,REFERENCE,2400
gnomesciences.com,GNOME SCIENCES,POWELL,OH,36D2068194,REFERENCE,10
americandermpath.com,"AMERICAN DERMATOPATHOLOGY LABORATORY, LLC",CENTERVILLE,OH,36D2072045,REFERENCE,43511
beta.npiviewer.com,"BAYLESS PATHMARK, INC",MIDDLEBURG HEIGHTS,OH,36D2169800,REFERENCE,2500
midwestrecoverycenter.com,"MIDWEST RECOVERY CENTER, LLC",TOLEDO,OH,36D2220842,REFERENCE,320000
uhairmed.org,UNIVERSITY HOSPITALS CRITICAL CARE TRANSPORT LLC,CHARDON,OH,36D2303734,REFERENCE,1400
dentistry.osu.edu,"KRISTIN MCNAMARA, DDS, LLC",COLUMBUS,OH,36D2323137,REFERENCE,4000
osagenation-nsn.gov,WAH-ZHA-ZHI HEALTH CENTER,PAWHUSKA,OK,37D0050835,REFERENCE,13522
tulsacps.com,CLINICAL PERFUSION SYSTEMS,TULSA,OK,37D0931677,REFERENCE,12500
premierplusurgentcare.com,PREMIER PLUS URGENT CARE,YUKON,OK,37D2109478,REFERENCE,55000
nbmchealth.com,NORTH BEND MEDICAL CENTER,COOS BAY,OR,38D0627047,REFERENCE,1101201
curryhealthnetwork.com,CURRY MEDICAL CENTER LABORATORY,BROOKINGS,OR,38D0963720,REFERENCE,243429
assuritytesting.com,ASSURE DRUG DETECTION LLC,LA GRANDE,OR,38D2039090,REFERENCE,55000
eugene-or.gov,IP EUGENE 1,EUGENE,OR,38D2060212,REFERENCE,59433
vistapathology.com,VISTA PATHOLOGY LABORATORY LLC,MEDFORD,OR,38D2096241,REFERENCE,4700
sironadx.com,SIRONA DX INC,PORTLAND,OR,38D2143031,REFERENCE,20
hplaboratory.com,HIGH PRECISION LABORATORY INC,PORTLAND,OR,38D2315693,REFERENCE,5000
ppcp.org,PREFERRED PRIMARY CARE PHYSICIANS INC,CARNEGIE,PA,39D0179913,REFERENCE,608
city.pottsville.pa.us,GMG POTTSVILLE,POTTSVILLE,PA,39D0189568,REFERENCE,127865
dermpath.upmc.edu,UPMC DERMATOPATHOLOGY LAB,PITTSBURGH,PA,39D0657006,REFERENCE,5100
dom.pitt.edu,"INFECTIOUS DISEASE LABORATORIES, UNIV OF PITTS",PITTSBURGH,PA,39D1010503,REFERENCE,450
pa.gov,PA DEPT OF HEALTH BUREAU OF LABS,EXTON,PA,39D0709453,REFERENCE,64219
pittcorelab.com,CORE LABORATORY,PITTSBURGH,PA,39D0928351,REFERENCE,10000
lancasterskincenter.com,LANCASTER SKIN CENTER PC,LANCASTER,PA,39D0931167,REFERENCE,490
arthritisofreading.com,ARTHRITIS & OSTEOPOROSIS CENTER INC,WYOMISSING,PA,39D0952961,REFERENCE,16253
azizkhaninternalmedicine.com,AZIZKHAN INTERNAL MEDICINE ASSOCIATES,CAMP HILL,PA,39D0978140,REFERENCE,475
drbaldassano.com,BALDASSANO DERMATOPATHOLOGY PC,LOWER GWYNEDD,PA,39D1041216,REFERENCE,3000
contractlaboratory.com,ATLANTIC DERMATOPATHOLOGY LLC,LESTER,PA,39D1072929,REFERENCE,7500
stgeorgeslab.com,ST GEORGE'S LAB,JOHNSTOWN,PA,39D1097101,REFERENCE,281891
helomics.com,HELOMICS CORPORATION,PITTSBURGH,PA,39D2008853,REFERENCE,49910
phoenixvillevalleyforgedermatology.com,PHOENIXVILLE VALLEY FORGE DERMATOLOGY ASSOC,PHOENIXVILLE,PA,39D2076698,REFERENCE,151
primbioresearch.com,"PRIMBIO RESEARCH INSTITUTE, LLC",GARNET VALLEY,PA,39D2085645,REFERENCE,5500
arielmedicine.com,ARIEL PRECISION MEDICINE INC,PITTSBURGH,PA,39D2126563,REFERENCE,500
associatedclinicallabs.com,LABORATORY ASSOCIATES OF ERIE LLC,ERIE,PA,39D2135920,REFERENCE,1800
centerem.org,"CENTER FOR EMERGENCY MEDICINE OF WESTERN PA, INC",WEST MIFFLIN,PA,39D2142578,REFERENCE,1200
csidx.com,"CONTAMINATION SOURCE IDENTIFICATION, LLC",HUNTINGDON,PA,39D2180522,REFERENCE,5000
rdlconsultingllc.com,"RDL CONSULTING, LLC",BETHLEHEM,PA,39D2251137,REFERENCE,2000
advancedgenomicsinc.com,ADVANCED GENOMICS,FEASTERVILLE TREVOSE,PA,39D2262818,REFERENCE,5000
prescientlabservices.com,PRESCIENT LAB SERVICES,HERSHEY,PA,39D2320997,REFERENCE,100
chp.edu,ACHD CLINICAL SERVICES,PITTSBURGH,PA,39D2321933,REFERENCE,0
laboratoriospr.com,LABORATORIO CLINICO FABINAEL,AGUADILLA,PR,40D1038041,REFERENCE,3420
milaboratoriopr.com,"LABORATORIO CLINICO IRIZARRY GUASCH, INC SABANA GR",SABANA GRANDE,PR,40D2236715,REFERENCE,5185
laboratoriosborinquen.com,LABORATORO CLINICO BORIQNUEN- RIVER TOWN,BAYAMON,PR,40D2328499,REFERENCE,39900
laboratorioferam.com,LABORATORIO CLINICO FERAM,AIBONITO,PR,40D0657985,REFERENCE,14489
laboratoriosrolmar.com,LABORATORIO CLINICO ROLMAR-RIVERA INC,AIBONITO,PR,40D0657986,REFERENCE,19658
misresultados.com,LABORATORIO CLINICO  CIUDADELA,SAN JUAN,PR,40D2215152,REFERENCE,6200
laboratoriorodriguez.com,"LABORATORIO CLINICO J RODRIGUEZ, LLC",SABANA GRANDE,PR,40D0670351,REFERENCE,17400
laboratoriotoledo.com,LABORATORIO CLINICO TOLEDO,ARECIBO,PR,40D1009496,REFERENCE,2148
cajigas.com,LABORATORIO CLINICO DR CAJIGAS,BAYAMON,PR,40D0658017,REFERENCE,165600
laboratorioteresita.com,LABORATORIO CLINICO TERESITA,DORADO,PR,40D2236306,REFERENCE,3220
laboratoriolomasverdes.com,LABORATORIO CLINICO LOMAS VERDES,BAYAMON,PR,40D0658022,REFERENCE,220578
laboratoriobayamon.com,LABORATORIO CLINICO BAYAMON OESTE,BAYAMON,PR,40D0950922,REFERENCE,7456
es.puertoricoindex.com,LABORATORIO CLINICO LAS TUNAS INC,SABANA GRANDE,PR,40D1046215,REFERENCE,7100
superpagespr.com,LABORATORIO CLINICO ALONDRA,VEGA ALTA,PR,40D2003351,REFERENCE,4872
puertoricoindex.com,LABORATORIO CLINICO CUBA,MOCA,PR,40D1069513,REFERENCE,16200
laboratoriovillaana.com,LABORATORIO CLINICO VILLA ANA AGUAS BUENAS II,AGUAS BUENAS,PR,40D2129969,REFERENCE,5900
labclinicovega.com,LABORATORIO CLINICO VEGA II,ARECIBO,PR,40D2294358,REFERENCE,960
labclcoamo.com,LABORATORIO CLINICO BULEVAR,COAMO,PR,40D2030974,REFERENCE,24969
laboratoriosoram.com,LABORATORIO CLINICO SORAM,COAMO,PR,40D0658071,REFERENCE,15504
laboratorioclinicocorozalpr.com,LABORATORIO CLINICO TIAGO,COROZAL,PR,40D2037156,REFERENCE,2159
labeste.com,LABORATORIO CLINICO SANTA LUCIA,VIEQUES,PR,40D0658227,REFERENCE,632725
laboratorioguayama.com,LABORATORIO CLINICO PLAZA GUAYAMA,GUAYAMA,PR,40D0912387,REFERENCE,61150
laboratorioclinicoguayanillense.com,"LAB ORATORIO CLINICO GUAYANILLENSE,CSP",GUAYANILLA,PR,40D0658094,REFERENCE,53395
nexdu.com,LABORATORIO CLINICO GUAYNABO,GUAYNABO,PR,40D0658099,REFERENCE,10775
puertoricocercademi.com,LABORATORIO CLINICO MARINA,MOCA,PR,40D2287572,REFERENCE,6982
saludmedica.com,LABORATORIO CLINICO BONET HERNANDEZ,BARCELONETA,PR,40D2052963,REFERENCE,18720
labcima.com,"LABORATORIO CIMA CAMINO NUEVO, INC",YABUCOA,PR,40D2047664,REFERENCE,86296
opendi.com.pr,LABORATORIO CLINICO LORIMAR,SAN SEBASTIAN,PR,40D2211053,REFERENCE,976
pri.soopage.com,LABORATORIO CLINICO Y BACTERIOLOGICO  NAZARRY,LAJAS,PR,40D0706371,REFERENCE,96348
laboratoriosanrafaelpr.com,LABORATORIO CLINICO SAN RAFAEL,QUEBRADILLAS,PR,40D0708758,REFERENCE,25961
laboratorioclinicouniversal.com,LABORATORIO CLINICO UNIVERSAL,JUNCOS,PR,40D0658123,REFERENCE,41896
servi-lab.com,LABORATORIO CLINICO SERVI-LAB,LUQUILLO,PR,40D0658126,REFERENCE,11182
labclinicosanjose.com,LABORATORIO CLINICO SAN JOSE,MANATI,PR,40D0658131,REFERENCE,54794
laboratorioscolon.com,LABORATORIO CLINICO COLON,HUMACAO,PR,40D2162863,REFERENCE,14350
labgaudier.com,LABORATORIO CLINICO GAUDIER,MAYAGUEZ,PR,40D0658143,REFERENCE,40795
laboratoriomedina.com,LABORATORIO CLINICO MEDINA,NAGUABO,PR,40D0658154,REFERENCE,20303
laboratoriocentralnaranjito.com,LAB CLINICO CENTRAL DE LA MONTANA,NARANJITO,PR,40D0658157,REFERENCE,190005
islacentro.wixsite.com,LABORATORIO CLINICO ISLA CENTRO TOA ALTA,TOA ALTA,PR,40D2027377,REFERENCE,2584
pathlabpr.com,"PATH LAB ,INC",COTO LAUREL,PR,40D0658176,REFERENCE,7539
medcentro.org,"MED CENTRO, INC",PONCE,PR,40D0658180,REFERENCE,133007
labcostacaribepr.com,LABORATORIO CLINICO COSTA CARIBE,PUERTO NUEVO,PR,40D0658289,REFERENCE,30914
labclinicosantamaria.com,LAB CLINICO SANTA MARIA,PONCE,PR,40D0658186,REFERENCE,8950
labsalimarpr.com,LABORATORIO CLINICO SALIMAR,SALINAS,PR,40D0658199,REFERENCE,44877
pr.eldirectorio.co,LABORATORIO CLINICO ESCENICO,ARECIBO,PR,40D2040079,REFERENCE,3500
labantillas.com,LABORATORIO CLINICO LAS ANTILLAS,SAN LORENZO,PR,40D0658205,REFERENCE,102239
marketingmhc.com,LABORATORIO CLINICO MHC SAN SEBASTIAN,SAN SEBASTIAN,PR,40D0658213,REFERENCE,12585
labclinicomagdalena.com,LABORATORIO CLINICO MAGDALENA,SAN JUAN,PR,40D0658240,REFERENCE,52814
planmenonita.org,ASHFORD MEDICAL LABORATORY,SAN JUAN,PR,40D0658241,REFERENCE,38800
premiummscpr.com,LABORATORIO CLINICO SUNRISE BAY,CAROLINA,PR,40D2093061,REFERENCE,6275
hrplabs.com,HATO REY PATHOLOGY ASSOCIATES,HATO REY,PR,40D0658266,REFERENCE,107762
immunopr.com,IMRL CLINICAL LAB,HATO REY,PR,40D0658269,REFERENCE,41400
wikimapia.org,LAB CLINICO CLETS INST OF HEALTH LABS,SAN JUAN,PR,40D0669618,REFERENCE,2553
laboratorioclinicoelmonte.com,LABORATORIO CLINICO EL MONTE INC,HATO REY,PR,40D0658274,REFERENCE,66053
labhatorey.com,LAB CLINICO BORINQUEN-HATO REY,HATO REY,PR,40D0710141,REFERENCE,15511
doctorcenterlab.com,LABORATORIO CLINICO DOCTOR CENTER CUBUY,CANOVANAS,PR,40D2046807,REFERENCE,387
global.showmelocal.com,LABORATORIO CLINICO LA CUMBRE,SAN JUAN,PR,40D0658305,REFERENCE,11000
laboratoriosagradocorazon.com,LABORATORIO CLINICO SAGRADO CORAZON,SAN JUAN,PR,40D0658307,REFERENCE,5099
labparaiso.com,LABORATORIO CLINICO EL PARAISO,SAN JUAN,PR,40D0658309,REFERENCE,12081
labsanantonio.com,LAB CLINICO SAN ANTONIO INC,ANASCO,PR,40D1045313,REFERENCE,15250
laboratorioclinicomichelsaninc.com,LABORATORICO CLINICO MICHELSAN,RIO PIEDRAS,PR,40D0663173,REFERENCE,5364
labclinicotorriver.com,LABORATORIO CLINICO TORRIVER,RIO PIEDRAS,PR,40D0663493,REFERENCE,13459
cdtvillalossantos.com,CENTRO DE DIAGNOSTICO Y TRATAMIENTO DE,ARECIBO,PR,40D0663834,REFERENCE,7104
labclinicotrujilloalto.com,LABORATORIO CLINICO CIUDAD UNIVERSITARIA,TRUJILLO ALTO,PR,40D0697545,REFERENCE,50415
laboratoriolopezpr.com,LAB CLINICO LOPEZ RIVERA CSP,CAYEY,PR,40D0677750,REFERENCE,25834
laboratorioclinicosantaisabel.com,LAB CLINICO SANTA ISABEL,SANTA ISABEL,PR,40D0666939,REFERENCE,1928
labnegron.com,LABORATORIO CLINICO NEGRON,SABANA GRANDE,PR,40D0667290,REFERENCE,46740
abcmedicopr.com,LABORATORIO CLINICO OCCIDENTAL,AGUADA,PR,40D0702100,REFERENCE,12440
corepluspr.com,"COREPLUS SERVICIOS CLINICOS Y PATOLOGICOS, LLC",PONCE,PR,40D0667558,REFERENCE,18711
prclinical.com,PR CLINICAL REFERENCE LABORATORY,VEGA BAJA,PR,40D0667819,REFERENCE,10630
innova-lab.com,INNOVA LAB,YAUCO,PR,40D0667892,REFERENCE,3535
salud.pr.gov,CDT-CENTRO DE SALUD MARIANO RIVERA RAMOS,CAYEY,PR,40D0668343,REFERENCE,135026
laboratorioomarys.com,LABORATORIO CLINICO BAYANEY,AGUADILLA,PR,40D2285280,REFERENCE,3450
labmartin.com,LABORATORIO CLINICO MARTIN,BAYAMON,PR,40D2056342,REFERENCE,6232
laboratoriomanued.com,LABORATORIO CLINICO MANUED,HUMACAO,PR,40D0669862,REFERENCE,14384
medicita.app,LAB CLINICO BACTERIOLOGICO CARIBBEAN INC,BAYAMON,PR,40D0670332,REFERENCE,6047
centroclinicoflores.com,LABORATORIO CLINICO FLORES,MOROVIS,PR,40D0670594,REFERENCE,21636
laboratorioclinicojardinespr.com,LABORATORIO CLINICO JARDINES DE LOIZA,LOIZA,PR,40D0922548,REFERENCE,4669
laboratorioclinicomontemar.com,LABORATORIO CLINICO MONTEMAR II,BARCELONETA,PR,40D0670708,REFERENCE,10117
serviciosmedicoslevittown.com,CENTRO SERVICIOS MEDICOS LEVITTOWN,TOA BAJA,PR,40D0671069,REFERENCE,24883
laboratorioclinicosenorial.com,LAB CLINICO EL SENORIAL INC,RIO PIEDRAS,PR,40D0671135,REFERENCE,11752
labcentrallevittown.com,LABORATORIO CLINICO LEVITTOWN,TOA BAJA,PR,40D0671732,REFERENCE,26669
laboratorioenhatorey.com,LABORATORIO CLINICO FERNANDO MONTILLA,SAN JUAN,PR,40D0672862,REFERENCE,124098
labgordo.com,LABORATORIO CLINICO GORDO,GUAYNABO,PR,40D0673285,REFERENCE,1652
laboratorioclinicocentraldelevittown.com,LABORATORIO CENTRAL DE LEVITTOWN CORP,TOA BAJA,PR,40D0673356,REFERENCE,77939
labclinicocastillo.com,LABORATORIO CLINICO CASTILLO,ANASCO,PR,40D0675943,REFERENCE,7600
laboratorioclinicorincon.com,LABORATORIO CLINICO CARIBE,RINCON,PR,40D0710605,REFERENCE,7500
laboratoriosanmartinlarespr.com,LABORATONO CLINICO SAN MARTIN,SAN JUAN,PR,40D0678283,REFERENCE,11226
laboratorioclinicolecord.com,LABORATORIO CLINICO LECORD,SAN JUAN,PR,40D0682041,REFERENCE,1250
labclinicorex.com,LABORATORIO CLINICO REX,BAYAMON,PR,40D0682233,REFERENCE,11423
laboratorioclinicoplatzer.com,LABORATORIO CLINICO PLATZER INC,HATO REY,PR,40D0691287,REFERENCE,73038
labdeltoa.com,LABORATORIO CLINICO DEL TOA,TOA ALTA,PR,40D2027375,REFERENCE,42172
camporicolab.com,LAB CLINICO CAMPO RICO,SAN JUAN,PR,40D0693615,REFERENCE,5292
laboratorioclinicoalmendros.com,LABORATORIO CLINICO ALMENDROS,BAYAMON,PR,40D0694053,REFERENCE,30231
lcscpr.com,LABORATORIO CLINICO SAN CRISTOBAL,LAS PIEDRAS,PR,40D1034702,REFERENCE,1777
laboratorioesmeralda.com,LABORATORIO CLINICO ESMERALDA,GUAYNABO,PR,40D0698114,REFERENCE,43285
laboratorioamericapr.com,LABORATORIO  CLINICO HNOS MIKASOBE,CANOVANAS,PR,40D0698569,REFERENCE,11566
laboratorioriogrande.com,LABORATORIO CLINICO RIO GRANDE,RIO GRANDE,PR,40D0701757,REFERENCE,9962
nrc.gov,"LABORATORIO CLINICO SERHANT,INC",PONCE,PR,40D0702776,REFERENCE,37186
labsantana.com.siteindices.com,LABORATORIO CLINICO SANTANA,GUANICA,PR,40D0705731,REFERENCE,16491
arecibo.pr,LABORATORIO CLINICO LING INC,ARECIBO,PR,40D0707568,REFERENCE,22976
laboratorioclinicoplazacentro.com,LABORATORIO CLINICO PLAZA CENTRO,CAGUAS,PR,40D0708034,REFERENCE,1140
labgenesispr.com,LABORATORIO CLINICO Y BACTERIOLOGICO GENESIS II,PATILLAS,PR,40D2009736,REFERENCE,44836
laboratoriojariselle.com,LABORATORIO CLINICO JARISELLE II,BAYAMON,PR,40D0722146,REFERENCE,11368
labclinicooriental.com,LABORATORIO CLINICO Y BACTERIOLOGICO ORIENTAL,HUMACAO,PR,40D0857190,REFERENCE,41978
labjardines.com,LABORATORIO JARDINES DE YABUCOA,YABUCOA,PR,40D0861099,REFERENCE,31266
labclinicoalejandrino.com,"LAB ALEJANDRINO, INC, CORPORATION",SAN JUAN,PR,40D0907839,REFERENCE,49168
labclinicogenesispr.com,LABORATORIO CLINICO GENESIS,SAN GERMAN,PR,40D0907873,REFERENCE,3300
laboratoriolosangelespr.com,LABORATORIO CLINICO LOS ANGELES,CAROLINA,PR,40D0909018,REFERENCE,6336
laprovidencialab.com,LABORATORIO CLINICO LA PROVIDENCIA,PONCE,PR,40D0909061,REFERENCE,10167
laboratoriomontellano.com,LABORATORIO CLINICO MONTELLANO,CAYEY,PR,40D0945814,REFERENCE,33150
pri.bizdirlib.com,LABORATORIO POLICLINICA BELLA VISTA,MAYAGUEZ,PR,40D2190383,REFERENCE,50300
laboratoriolamonserratepr.com,LABORATORIO CLINICO LA MONSERRATE,MAYAGUEZ,PR,40D2054127,REFERENCE,9200
lccpr.com,LABORATORIO CLINICO LOS COLOBOS,CAROLINA,PR,40D0955970,REFERENCE,5503
laboratoriola100.com,LABORATORIO CLINICO LA 100,CABO ROJO,PR,40D0966512,REFERENCE,32800
labceibeno.com,LABORATORIO CLINICO CEIBENO,CEIBA,PR,40D0970455,REFERENCE,67835
labclinicosunnyhills.com,LAB CLINICO SUNNY HILLS INC,BAYAMON,PR,40D0974756,REFERENCE,28012
prcorp.org,LAB CLINICO Y BACT TIERRA SANTA,VILLALBA,PR,40D0975943,REFERENCE,12000
labobymar.com,LABORATORIO CLINICO OBYMAR,MOCA,PR,40D0977871,REFERENCE,4659
laboratorioclinicocanterapr.com,LABORATORIO CLINICO CANTERA,MANATI,PR,40D0980866,REFERENCE,7440
masclinicallabs.com,MAS CLINICAL LABS,CABO ROJO,PR,40D0997912,REFERENCE,6210
labcliniplazaoasis.com,LABORATORIO CLINICO PLAZA OASIS,SANTA ISABEL,PR,40D1003142,REFERENCE,14404
laboratoriopaseos.com,LABORATORIO CLINICO PASEOS,SAN JUAN,PR,40D1006749,REFERENCE,6579
pr.near-place.com,LABORATORIO CLINICO SAN VICENTE,VEGA BAJA,PR,40D1012245,REFERENCE,20952
laboratoriogenesis.com,"LABORATORIO CLINICO Y  BACTERIOLOGICO GENESIS, INC",GUAYAMA,PR,40D1016877,REFERENCE,48500
policlinicafamiliarshalom.com,LABORATORIO CLINICO SHALOM,QUEBRADILLAS,PR,40D1020316,REFERENCE,8816
laboratorioemanuel.com,LABORATORIO CLINICO EMANUEL,DORADO,PR,40D1106035,REFERENCE,3500
labsantaana.com,LABORATORIO CLINICO SANTA ANA,BAYAMON,PR,40D1022655,REFERENCE,1800
labdmaes.com.cutestat.com,LABORATORIO CLINICO D MAES,PONCE,PR,40D1023907,REFERENCE,85700
infosaludpuertorico.com,CENTRO DIAGNOSTICO Y TRATAMIENTO DR CESAR,JUNCOS,PR,40D1031706,REFERENCE,64810
laboratoriolaslomas.com,LABORATORIO CLINICO LAS LOMAS,SAN GERMAN,PR,40D1032744,REFERENCE,4160
bcwpuertorico.com,BCW PUERTO RICO,CATANO,PR,40D1037837,REFERENCE,1627
laboratoriomontemar.com,LABORATORIO  CLINICO Y BACTERIOLOGICO MONTEMAR,BARCELONETA,PR,40D1046933,REFERENCE,32550
lablospinos.com,LABORATORIO CLINICO LOS PINOS,ARECIBO,PR,40D1059872,REFERENCE,24000
waze.com,LABORATORIO CLINICO CAIMITO,SAN JUAN,PR,40D2048021,REFERENCE,4514
laboratoriogladyan.com,LABORATORIO CLINICO Y BACTERIOLOGICO GLADYAN,YABUCOA,PR,40D1070598,REFERENCE,9305
laboratoriosmeditech.com,LABORATORIO CLINICO MEDITECH,RIO GRANDE,PR,40D1083892,REFERENCE,123032
labclinicoponceno.com,LABORATORIO CLINICO PONCENO,PONCE,PR,40D1088498,REFERENCE,55300
professionalhospital.net,PROFESSIONAL HOSPITAL GUAYNABO,GUAYNABO,PR,40D1092624,REFERENCE,214700
laboratoriofernandez.com,LABORATORIO CLINICO FERNANDEZ II,LARES,PR,40D1098403,REFERENCE,23800
laboratoriometropolis.com,LABORATORIO CLINICO METROPOLIS,CAROLINA,PR,40D1102872,REFERENCE,17690
atlanticpathology.com,ATLANTIC PATHOLOGY,MANATI,PR,40D1106521,REFERENCE,7100
laboratoriobarrazas2.com,LABORATORIO CLINICO BARRAZAS,CAROLINA,PR,40D2000937,REFERENCE,3400
biomaspr.com,LABORATORIO CLINICO BIO MAS,BAYAMON,PR,40D2003981,REFERENCE,17956
puerto-rico.worldplaces.me,LABORATORIO CLINICO LA MORENITA,BAYAMON,PR,40D2058420,REFERENCE,5997
labsclinicospr.com,LABORATORIO CLINICO PARQUE ESCORIAL,SAN JUAN,PR,40D2041973,REFERENCE,9674
labtrixymar.com,LABORATORIO CLINICO TRIXYMAR JARDINES DE ARROYO,ARROYO,PR,40D2167585,REFERENCE,8468
laboratorioclinico-medlab.com,LABORATORIO CLINICO MED-LAB,SAN SEBASTIAN,PR,40D2053249,REFERENCE,26780
labclinicoyenimaris.com,LABORATORIO CLINICO YENIMARIS,CAROLINA,PR,40D2053476,REFERENCE,8765
labplazacaparra.com,LABORATORIO CLINICO PLAZA CAPARRA,GUAYNABO,PR,40D2058614,REFERENCE,19471
prymed.org,"PRYMED MEDICAL CARE, INC",VEGA BAJA,PR,40D2086085,REFERENCE,32684
labprincipal.com,LABORATORIO CLINICO PRINCIPAL CAPARRA,GUAYNABO,PR,40D2089662,REFERENCE,79843
highprofilelab.com,"HIGH PROFILE LABORATORY PONCE, LLC",PONCE,PR,40D2281228,REFERENCE,19000
labplazapalacios.com,"LABORATORIO CLINICO PLAZA PALACIOS, INC",TOA ALTA,PR,40D2097128,REFERENCE,20632
centrossancristobal.com,CDT-CENTRO SAN CRISTOBAL,SANTA ISABEL,PR,40D2108889,REFERENCE,38576
labclinprofemanuel.com,LABORATORIO CLINICO PROFESIONAL EMANUEL-RIO CANAS,JUANA DIAZ,PR,40D2126789,REFERENCE,4600
santurcemedicalmall.com,SANTURCE MEDICAL MALL CLINICAL LAB,SANTURCE,PR,40D2133089,REFERENCE,9300
labclinicoebenezer.com,LABORATORIO CLINICO EBENEZER,GUAYANILLA,PR,40D2217990,REFERENCE,350
vivelopr.com,LABORATORIO CLINICO MARIE-E,BAYAMON,PR,40D2241409,REFERENCE,2500
laboratoriofajardo.com,LABORATORIO CLINICO BIRRIEL,FAJARDO,PR,40D2242391,REFERENCE,33500
laboratoriogaliza.com,LABORATORIO CLINICO GALIZA,TOA ALTA,PR,40D2245255,REFERENCE,35265
labsaludyvida.net,LABORATORIO CLINICO SALUD Y VIDA,VEGA BAJA,PR,40D2283331,REFERENCE,8928
prpathology.com,PUERTO RICO PATHOLOGY LABORATORY,SAN JUAN,PR,40D2288219,REFERENCE,44000
laboratorioclinicodeloeste.com,LABORATORIO CLINICO DEL OESTE,AGUADILLA,PR,40D2294364,REFERENCE,5750
concilioloiza.org,CLINICA FAMILIAR DE LUQUILLO,LUQUILLO,PR,40D2294367,REFERENCE,9500
cblaboratory.my.canva.site,"CB LABORATORY, LLC",SAN JUAN,PR,40D2298378,REFERENCE,5485
sagradafamilialaboratorio.com,LABORATORIO CLINICO SAGRADA FAMILIA II,JUANA DIAZ,PR,40D2314639,REFERENCE,202488
laboratorioclinicoresto.com,LABORATORIO CLINICO MOLECULAR RESTO,JUNCOS,PR,40D2315972,REFERENCE,4729
health.ri.gov,RHODE ISLAND STATE HEALTH LABORATORIES,PROVIDENCE,RI,41D0709206,REFERENCE,91788
brownderm.org,"BROWN DERMATOLOGY, INC",PROVIDENCE,RI,41D0902996,REFERENCE,18927
norwoodurgentcare.com,NORWOOD URGENT CARE,WALPOLE,MA,41D1053364,REFERENCE,51123
dph.sc.gov,SC DPH PUBLIC HEALTH LABORATORY,COLUMBIA,SC,42D0658606,REFERENCE,990451
achdonline.org,UPSTATE PUBLIC HEALTH REGION,ANDERSON,SC,42D0877753,REFERENCE,1636
pdpathology.com,PEE DEE PATHOLOGY-MYRTLE BEACH,MYRTLE BEACH,SC,42D2065056,REFERENCE,7568
polarisskindiagnostics.com,POLARIS SKIN DIAGNOSTICS,MYRTLE BEACH,SC,42D2179374,REFERENCE,15000
doh.sd.gov,SOUTH DAKOTA PUBLIC HEALTH LABORATORY,PIERRE,SD,43D0658941,REFERENCE,52552
scsadiagnostics.com,SCSA DIAGNOSTICS INC,BROOKINGS,SD,43D0975076,REFERENCE,1777
kidneybiopsy.com,"LABORATORY FOR KIDNEY PATHOLOGY, INC",NASHVILLE,TN,44D0308047,REFERENCE,14866
plpcpath.com,PATHOLOGISTS' LABORATORY PC,LEBANON,TN,44D0658995,REFERENCE,1500
tn.gov,KNOXVILLE REGIONAL LABORATORY,KNOXVILLE,TN,44D0659252,REFERENCE,121110
cns-llc.us,"CONSOLIDATED NUCLEAR SECURITY, LLC",OAK RIDGE,TN,44D0667228,REFERENCE,62479
jacksonclinic.com,"JACKSON CLINIC, PA - INNOVATION PARK, THE",JACKSON,TN,44D2025887,REFERENCE,377295
diagnosticpathologyservices.com,"DIAGNOSTIC PATHOLOGY SERVICES, PC",CHATTANOOGA,TN,44D2055320,REFERENCE,10476
easttnpathology.com,"EAST TENNESSEE PATHOLOGY, PLLC DBA EAST TENNESSEE",POWELL,TN,44D2281425,REFERENCE,12999
innovativepathologyservices.org,"INNOVATIVE PATHOLOGY SERVICES, PLLC",KNOXVILLE,TN,44D2292138,REFERENCE,16129
valleypediatricclinic.com,MISSION PEDIATRIC CENTER,MISSION,TX,45D0503810,REFERENCE,25700
clinicalpathologyassociates.com,CLINICAL PATHOLOGY ASSOCIATES,ABILENE,TX,45D0508312,REFERENCE,36998
dentistry.tamu.edu,TEXAS A&M ORAL PATHOLOGY SERVICES,DALLAS,TX,45D0659611,REFERENCE,5000
txpathology.com,PATHOLOGY ASSOCS OF NORTH TEXAS PA,WICHITA FALLS,TX,45D0659922,REFERENCE,19000
sa.gov,SAN ANTONIO METROPOLITAN HLTH DIST LAB,SAN ANTONIO,TX,45D0660409,REFERENCE,78928
corpuschristitx.gov,CORPUS CHRISTI NUECES COUNTY PUBLIC HEALTH LAB,CORPUS CHRISTI,TX,45D0660522,REFERENCE,5100
ci.lubbock.tx.us,CITY OF LUBBOCK HEALTH DEPT LABORATORY,LUBBOCK,TX,45D0660728,REFERENCE,143505
spdallas.com,SURGICAL PATHOLOGISTS OF DALLAS,DALLAS,TX,45D0683439,REFERENCE,5699
sjdermpath.com,ST JOSEPH DERMATOPATHOLOGY,HOUSTON,TX,45D0858722,REFERENCE,17000
cityoflaredo.com,CITY OF LAREDO HEALTH DEPARTMENT,LAREDO,TX,45D0892806,REFERENCE,45182
abilenetx.gov,ABILENE-TAYLOR COUNTY PUBLIC HEALTH,ABILENE,TX,45D0900079,REFERENCE,52
propath.com,"PROPATH ASSOCIATES, PLLC",FORT WORTH,TX,45D2134889,REFERENCE,21296
mcallencc.com,ALL CHILDREN'S PEDIATRIC CLINIC P A,MCALLEN,TX,45D0994691,REFERENCE,32400
westlakedermatology.com,WESTLAKE DERMATOLOGY AND COSMETIC SURGERY,AUSTIN,TX,45D1037562,REFERENCE,860
dermsurgery.org,DERMSURGERY DERMATOPATHOLOGY,BELLAIRE,TX,45D2319628,REFERENCE,1200
qmedlaboratory.com,Q MED LABORATORY LLC,EL PASO,TX,45D1081814,REFERENCE,763800
thinkoculus.com,OCULUS PATHOLOGY WESTOVER HILLS,SAN ANTONIO,TX,45D2308917,REFERENCE,420
precisepathology.com,"PRECISE PATHOLOGY ASSOCIATES, PLLC",THE WOODLANDS,TX,45D2012057,REFERENCE,1650
corinthianreferencelab.com,CORINTHIAN REFERENCE LAB,BENBROOK,TX,45D2020658,REFERENCE,10000
pbmlabs.com,"PATHOLOGIST BIO-MEDICAL LABORATORIES, PLLC",DALLAS,TX,45D2023046,REFERENCE,29496
prismpathology.com,PRISM PATHOLOGY LLC,DALLAS,TX,45D2027814,REFERENCE,2800
dallasfertility.com,DALLAS FERTILITY CENTER- SOUTHLAKE,SOUTHLAKE,TX,45D2064554,REFERENCE,650
sanantonio.gov,SAN ANTONIO METROPLITAN HEALTH DISTRICT LRN LAB,SAN ANTONIO,TX,45D2071722,REFERENCE,328
resolutehealth.com,OCULUS PATHOLOGY RESOLUTE HOSPITAL,NEW BRAUNFELS,TX,45D2080242,REFERENCE,1258
adgpath.com,ADG HOUSTON PATH PLLC,HOUSTON,TX,45D2080454,REFERENCE,15040
statlabstx.com,STAT LABORATORY,EL PASO,TX,45D2108488,REFERENCE,4831
gastrosouthtexas.com,TEXAS DIGESTIVE SPECIALISTS,HARLINGEN,TX,45D2119427,REFERENCE,82000
stdavids.com,OCULUS PATHOLOGY ST DAVID'S ROUND ROCK HOSPITAL,ROUND ROCK,TX,45D2157578,REFERENCE,1000
expertpathologyconsultationservices.com,EXPERT PATHOLOGY CONSULTATION SERVICES,CARROLLTON,TX,45D2177874,REFERENCE,79000
immunogeno.com,IMMUNOGENOMICS LLC,SUGAR LAND,TX,45D2187903,REFERENCE,41700
vitalogyskincare.com,"VITALOGY SKINCARE, DBA LAKEWAY, TX",LAKEWAY,TX,45D2245266,REFERENCE,21683
heristar.com,HERISTAR HEALTH LLC,MISSOURI CITY,TX,45D2270409,REFERENCE,46800
concordlifesciences.com,"CONCORD LIFE SCIENCES, LLC",AUSTIN,TX,45D2276348,REFERENCE,600
triasdx.com,TRIAS PATHOLOGY DIAGNOSTICS,HOUSTON,TX,45D2278079,REFERENCE,4000
precisionlabllc.com,"PRECISION LABORATORY SERVICES, LLC",SPRING,TX,45D2278987,REFERENCE,10000
sozodx.com,"SOZO DX, LLC",ROCKWALL,TX,45D2284894,REFERENCE,2000
callondoc.com,CALLONDOC,DALLAS,TX,45D2287784,REFERENCE,18720
abdalabs.com,ABDA LABS LLC,AUSTIN,TX,45D2301956,REFERENCE,360
cedarsdiagnostics.com,CEDAR DIAGNOSTICS,CEDAR PARK,TX,45D2303412,REFERENCE,1000
lakegranburymedicalcenter.com,OCULUS PATHOLOGY LAKE GRANBURY MEDICAL,GRANBURY,TX,45D2308658,REFERENCE,500
labworxllc.com,"LABWORX MIDWEST, LLC",TYLER,TX,45D2323478,REFERENCE,4000
biogenix-diagnostics.com,"BIOGENIX DIAGNOSTICS, LLC",SPRING,TX,45D2320018,REFERENCE,25000
southtexaslabs.com,"LABWORX SOUTH, LLC",TYLER,TX,45D2323477,REFERENCE,4000
merchantcircle.com,SKIN PATHOLOGY CONSULTANTS OF UTAH PC,MURRAY,UT,46D0523887,REFERENCE,2411
uphl.utah.gov,UTAH PUBLIC HEALTH LABORATORY,TAYLORSVILLE,UT,46D0660877,REFERENCE,470075
utahpathology.com,"PATHOLOGY SERVICES, PC",MURRAY,UT,46D2197346,REFERENCE,20000
clinicalconsultants.org,CLINICAL CONSULTANTS LLC,WEST JORDAN,UT,46D2173983,REFERENCE,101790
softcelllaboratories.com,SOFTCELL L-FORM LABORATORIES LLC,ST GEORGE,UT,46D2181769,REFERENCE,5000
rockylabs.com,ROCKY MOUNTAIN LABORATORIES,DRAPER,UT,46D2257034,REFERENCE,2277144
aboplasma.com,ABO PLASMA- WEST VALLEY CITY,WEST VALLEY CITY,UT,46D2297305,REFERENCE,50000
vasectomyverify.com,VASECTOMY VERIFY LLC,COALVILLE,UT,46D2297883,REFERENCE,3500
healthvermont.gov,VERMONT DEPT OF HEALTH LABORATORY,COLCHESTER,VT,47D0660967,REFERENCE,48900
vermontdermatopathology.com,"VERMONT DERMATOPATHOLOGY, LLC",SOUTH BURLINGTON,VT,47D0986255,REFERENCE,4985
stcroixlab.com,CLINICAL LABORATORY INC,ST CROIX,VI,48D0699866,REFERENCE,72088
doh.vi.gov,US VI TERRITORIAL PUBLIC HEALTH LABORATORY,CHRISTIANSTED,VI,48D2179122,REFERENCE,5000
calculilab.com,CALCULI REFERENCE LABORATORY INC,MECHANICSVILLE,VA,49D0933730,REFERENCE,3000
arlingtonva.us,ARLINGTON COUNTY FIRE DEPARTMENT,ARLINGTON,VA,49D2140324,REFERENCE,900
fairfaxcounty.gov,BURKHOLDER PUBLIC HEALTH LABORATORY,FAIRFAX,VA,49D2210189,REFERENCE,9500
vericarelabs.com,VERICARE LABORATORIES,RICHMOND,VA,49D2316990,REFERENCE,136800
vmfh.org,VIRGINIA MASON FRANCISCAN HEALTH,BREMERTON,WA,50D2318379,REFERENCE,165650
testmenu.com,MULTICARE TOXICOLOGY LABORATORY,TUKWILA,WA,50D2325997,REFERENCE,8000
euc.vmfh.org,VIRGINIA MASON FRANCISCAN HEALTH EMERGENCY &,PORT ORCHARD,WA,50D2333889,REFERENCE,162230
incytediagnostics.com,INCYTE PATHOLOGY - RICHLAND BRANCH,RICHLAND,WA,50D2335136,REFERENCE,4000
incdx.com,INCYTE PATHOLOGY - TUKWILA BRANCH,TUKWILA,WA,50D2335140,REFERENCE,4000
swisherlab.org,SWISHER LAB FOR GYNECOLOGIC CANCER RESEARCH,SEATTLE,WA,50D2336332,REFERENCE,500
bcdctesting.com,BELMAR CARDIOPULMONARY DIAGNOSTICS CENTER,BELLEVUE,WA,50D2338427,REFERENCE,250
womenshealthwv.org,WOMEN'S HEALTH CENTER OF WEST VIRGINIA,CHARLESTON,WV,51D0234323,REFERENCE,482
uhswv.com,ST MARY'S MEDICAL CENTER HIMG,HUNTINGTON,WV,51D0235176,REFERENCE,1104256
froedtert.com,FROEDTERT & THE MEDICAL COLLEGE CP MEQUON,MEQUON,WI,52D2135321,REFERENCE,716320
city.milwaukee.gov,CITY OF MILWAUKEE STD CLINIC LABORATORY,MILWAUKEE,WI,52D0860363,REFERENCE,15716
coppelabs.com,COPPE LABORATORIES,WAUKESHA,WI,52D0921062,REFERENCE,222
uwlax.edu,MICROBIOLOGY RESEARCH LABORATORY,LA CROSSE,WI,52D1019319,REFERENCE,13885
health.wyo.gov,WYOMING PUBLIC HEALTH LABORATORY,CHEYENNE,WY,53D0662169,REFERENCE,39792
dhawy.com,DIGESTIVE HEALTH ASSOCIATES PATHOLOGY LABORATORY,CHEYENNE,WY,53D2112143,REFERENCE,3261
doh.as,AMERICAN SAMOA DEPT OF HEALTH CLINICAL LAB,PAGO PAGO,AS,64D1048456,REFERENCE,3155
dphss.guam.gov,GUAM DEPT PUBLIC HLTH & SOC SVCS CENTRAL LAB,TAMUNING,GU,65D0662216,REFERENCE,24507
jilab.fi,JILAB INC,nan,FN,99D2280565,REFERENCE,600
